ISO-10303-21;
HEADER;
/* Generated by software containing ST-Developer
 * from STEP Tools, Inc. (www.steptools.com) 
 */

FILE_DESCRIPTION(
/* description */ ('STEP AP203'),
/* implementation_level */ '2;1');

FILE_NAME(
/* name */ 'Set Screw 8x32 3-8 Ball End SS.step',
/* time_stamp */ '2026-04-09T18:02:29+02:00',
/* author */ (''),
/* organization */ (''),
/* preprocessor_version */ 'ST-DEVELOPER v20.1',
/* originating_system */ 'Autodesk Translation Framework v14.24.0.0',
/* authorisation */ '');

FILE_SCHEMA (('AUTOMOTIVE_DESIGN { 1 0 10303 214 3 1 1 }'));
ENDSEC;

DATA;
#10=MECHANICAL_DESIGN_GEOMETRIC_PRESENTATION_REPRESENTATION('',(#13),#2538);
#11=SHAPE_REPRESENTATION_RELATIONSHIP('SRR','None',#2545,#12);
#12=ADVANCED_BREP_SHAPE_REPRESENTATION('',(#14),#2537);
#13=STYLED_ITEM('',(#2554),#14);
#14=MANIFOLD_SOLID_BREP('Body1',#691);
#15=(
BOUNDED_SURFACE()
B_SPLINE_SURFACE(1,2,((#1898,#1899,#1900,#1901,#1902,#1903,#1904,#1905,
#1906,#1907,#1908,#1909,#1910,#1911,#1912,#1913,#1914,#1915,#1916,#1917,
#1918,#1919,#1920,#1921,#1922,#1923,#1924,#1925,#1926,#1927,#1928,#1929,
#1930,#1931,#1932,#1933,#1934,#1935,#1936,#1937,#1938,#1939,#1940,#1941,
#1942,#1943,#1944,#1945,#1946,#1947,#1948,#1949,#1950,#1951,#1952,#1953,
#1954,#1955,#1956,#1957,#1958,#1959,#1960,#1961,#1962,#1963,#1964,#1965,
#1966,#1967,#1968,#1969,#1970,#1971,#1972,#1973,#1974,#1975,#1976,#1977,
#1978,#1979,#1980,#1981,#1982,#1983,#1984,#1985,#1986,#1987,#1988,#1989,
#1990,#1991,#1992,#1993,#1994,#1995,#1996,#1997,#1998,#1999,#2000,#2001,
#2002,#2003,#2004,#2005,#2006,#2007,#2008,#2009,#2010,#2011,#2012,#2013,
#2014,#2015,#2016,#2017,#2018,#2019,#2020,#2021,#2022,#2023,#2024,#2025,
#2026,#2027,#2028,#2029,#2030,#2031,#2032,#2033,#2034,#2035,#2036,#2037,
#2038,#2039,#2040,#2041,#2042),(#2043,#2044,#2045,#2046,#2047,#2048,#2049,
#2050,#2051,#2052,#2053,#2054,#2055,#2056,#2057,#2058,#2059,#2060,#2061,
#2062,#2063,#2064,#2065,#2066,#2067,#2068,#2069,#2070,#2071,#2072,#2073,
#2074,#2075,#2076,#2077,#2078,#2079,#2080,#2081,#2082,#2083,#2084,#2085,
#2086,#2087,#2088,#2089,#2090,#2091,#2092,#2093,#2094,#2095,#2096,#2097,
#2098,#2099,#2100,#2101,#2102,#2103,#2104,#2105,#2106,#2107,#2108,#2109,
#2110,#2111,#2112,#2113,#2114,#2115,#2116,#2117,#2118,#2119,#2120,#2121,
#2122,#2123,#2124,#2125,#2126,#2127,#2128,#2129,#2130,#2131,#2132,#2133,
#2134,#2135,#2136,#2137,#2138,#2139,#2140,#2141,#2142,#2143,#2144,#2145,
#2146,#2147,#2148,#2149,#2150,#2151,#2152,#2153,#2154,#2155,#2156,#2157,
#2158,#2159,#2160,#2161,#2162,#2163,#2164,#2165,#2166,#2167,#2168,#2169,
#2170,#2171,#2172,#2173,#2174,#2175,#2176,#2177,#2178,#2179,#2180,#2181,
#2182,#2183,#2184,#2185,#2186,#2187)),.UNSPECIFIED.,.F.,.F.,.F.)
B_SPLINE_SURFACE_WITH_KNOTS((2,2),(3,2,2,2,2,2,2,2,2,2,2,2,2,2,2,2,2,2,
2,2,2,2,2,2,2,2,2,2,2,2,2,2,2,2,2,2,2,2,2,2,2,2,2,2,2,2,2,2,2,2,2,2,2,2,
2,2,2,2,2,2,2,2,2,2,2,2,2,2,2,2,2,2,3),(-1.35645889203471E-5,1.00000000815509),
(0.,0.0138888888888889,0.0277777777777778,0.0416666666666667,0.0555555555555556,
0.0694444444444444,0.0833333333333333,0.0972222222222222,0.111111111111111,
0.125,0.138888888888889,0.152777777777778,0.166666666666667,0.180555555555556,
0.194444444444444,0.208333333333333,0.222222222222222,0.236111111111111,
0.25,0.263888888888889,0.277777777777778,0.291666666666667,0.305555555555556,
0.319444444444444,0.333333333333333,0.347222222222222,0.361111111111111,
0.375,0.388888888888889,0.402777777777778,0.416666666666667,0.430555555555556,
0.444444444444444,0.458333333333333,0.472222222222222,0.486111111111111,
0.5,0.513888888888889,0.527777777777778,0.541666666666667,0.555555555555556,
0.569444444444444,0.583333333333333,0.597222222222222,0.611111111111111,
0.625,0.638888888888889,0.652777777777778,0.666666666666667,0.680555555555556,
0.694444444444444,0.708333333333333,0.722222222222222,0.736111111111111,
0.75,0.763888888888889,0.777777777777778,0.791666666666667,0.805555555555556,
0.819444444444444,0.833333333333333,0.847222222222222,0.861111111111111,
0.875,0.888888888888889,0.902777777777778,0.916666666666667,0.930555555555556,
0.944444444444444,0.958333333333333,0.972222222222222,0.986111111111111,
1.),.UNSPECIFIED.)
GEOMETRIC_REPRESENTATION_ITEM()
RATIONAL_B_SPLINE_SURFACE(((1.,0.923879532511287,1.,0.923879532511287,1.,
0.923879532511287,1.,0.923879532511287,1.,0.923879532511287,1.,0.923879532511287,
1.,0.923879532511287,1.,0.923879532511287,1.,0.923879532511287,1.,0.923879532511287,
1.,0.923879532511287,1.,0.923879532511287,1.,0.923879532511287,1.,0.923879532511287,
1.,0.923879532511287,1.,0.923879532511287,1.,0.923879532511287,1.,0.923879532511287,
1.,0.923879532511287,1.,0.923879532511287,1.,0.923879532511287,1.,0.923879532511287,
1.,0.923879532511287,1.,0.923879532511287,1.,0.923879532511287,1.,0.923879532511287,
1.,0.923879532511287,1.,0.923879532511287,1.,0.923879532511287,1.,0.923879532511287,
1.,0.923879532511287,1.,0.923879532511287,1.,0.923879532511287,1.,0.923879532511287,
1.,0.923879532511287,1.,0.923879532511287,1.,0.923879532511287,1.,0.923879532511287,
1.,0.923879532511287,1.,0.923879532511287,1.,0.923879532511287,1.,0.923879532511287,
1.,0.923879532511287,1.,0.923879532511287,1.,0.923879532511287,1.,0.923879532511287,
1.,0.923879532511287,1.,0.923879532511287,1.,0.923879532511287,1.,0.923879532511287,
1.,0.923879532511287,1.,0.923879532511287,1.,0.923879532511287,1.,0.923879532511287,
1.,0.923879532511287,1.,0.923879532511287,1.,0.923879532511287,1.,0.923879532511287,
1.,0.923879532511287,1.,0.923879532511287,1.,0.923879532511287,1.,0.923879532511287,
1.,0.923879532511287,1.,0.923879532511287,1.,0.923879532511287,1.,0.923879532511287,
1.,0.923879532511287,1.,0.923879532511287,1.,0.923879532511287,1.,0.923879532511287,
1.,0.923879532511287,1.,0.923879532511287,1.),(1.,0.923879532511287,1.,
0.923879532511287,1.,0.923879532511287,1.,0.923879532511287,1.,0.923879532511287,
1.,0.923879532511287,1.,0.923879532511287,1.,0.923879532511287,1.,0.923879532511287,
1.,0.923879532511287,1.,0.923879532511287,1.,0.923879532511287,1.,0.923879532511287,
1.,0.923879532511287,1.,0.923879532511287,1.,0.923879532511287,1.,0.923879532511287,
1.,0.923879532511287,1.,0.923879532511287,1.,0.923879532511287,1.,0.923879532511287,
1.,0.923879532511287,1.,0.923879532511287,1.,0.923879532511287,1.,0.923879532511287,
1.,0.923879532511287,1.,0.923879532511287,1.,0.923879532511287,1.,0.923879532511287,
1.,0.923879532511287,1.,0.923879532511287,1.,0.923879532511287,1.,0.923879532511287,
1.,0.923879532511287,1.,0.923879532511287,1.,0.923879532511287,1.,0.923879532511287,
1.,0.923879532511287,1.,0.923879532511287,1.,0.923879532511287,1.,0.923879532511287,
1.,0.923879532511287,1.,0.923879532511287,1.,0.923879532511287,1.,0.923879532511287,
1.,0.923879532511287,1.,0.923879532511287,1.,0.923879532511287,1.,0.923879532511287,
1.,0.923879532511287,1.,0.923879532511287,1.,0.923879532511287,1.,0.923879532511287,
1.,0.923879532511287,1.,0.923879532511287,1.,0.923879532511287,1.,0.923879532511287,
1.,0.923879532511287,1.,0.923879532511287,1.,0.923879532511287,1.,0.923879532511287,
1.,0.923879532511287,1.,0.923879532511287,1.,0.923879532511287,1.,0.923879532511287,
1.,0.923879532511287,1.,0.923879532511287,1.,0.923879532511287,1.,0.923879532511287,
1.,0.923879532511287,1.,0.923879532511287,1.,0.923879532511287,1.)))
REPRESENTATION_ITEM('')
SURFACE()
);
#16=(
BOUNDED_SURFACE()
B_SPLINE_SURFACE(1,2,((#2209,#2210,#2211,#2212,#2213,#2214,#2215,#2216,
#2217,#2218,#2219,#2220,#2221,#2222,#2223,#2224,#2225,#2226,#2227,#2228,
#2229,#2230,#2231,#2232,#2233,#2234,#2235,#2236,#2237,#2238,#2239,#2240,
#2241,#2242,#2243,#2244,#2245,#2246,#2247,#2248,#2249,#2250,#2251,#2252,
#2253,#2254,#2255,#2256,#2257,#2258,#2259,#2260,#2261,#2262,#2263,#2264,
#2265,#2266,#2267,#2268,#2269,#2270,#2271,#2272,#2273,#2274,#2275,#2276,
#2277,#2278,#2279,#2280,#2281,#2282,#2283,#2284,#2285,#2286,#2287,#2288,
#2289,#2290,#2291,#2292,#2293,#2294,#2295,#2296,#2297,#2298,#2299,#2300,
#2301,#2302,#2303,#2304,#2305,#2306,#2307,#2308,#2309,#2310,#2311,#2312,
#2313,#2314,#2315,#2316,#2317,#2318,#2319,#2320,#2321,#2322,#2323,#2324,
#2325,#2326,#2327,#2328,#2329,#2330,#2331,#2332,#2333,#2334,#2335,#2336,
#2337,#2338,#2339,#2340,#2341,#2342,#2343,#2344,#2345,#2346,#2347,#2348,
#2349,#2350,#2351,#2352,#2353),(#2354,#2355,#2356,#2357,#2358,#2359,#2360,
#2361,#2362,#2363,#2364,#2365,#2366,#2367,#2368,#2369,#2370,#2371,#2372,
#2373,#2374,#2375,#2376,#2377,#2378,#2379,#2380,#2381,#2382,#2383,#2384,
#2385,#2386,#2387,#2388,#2389,#2390,#2391,#2392,#2393,#2394,#2395,#2396,
#2397,#2398,#2399,#2400,#2401,#2402,#2403,#2404,#2405,#2406,#2407,#2408,
#2409,#2410,#2411,#2412,#2413,#2414,#2415,#2416,#2417,#2418,#2419,#2420,
#2421,#2422,#2423,#2424,#2425,#2426,#2427,#2428,#2429,#2430,#2431,#2432,
#2433,#2434,#2435,#2436,#2437,#2438,#2439,#2440,#2441,#2442,#2443,#2444,
#2445,#2446,#2447,#2448,#2449,#2450,#2451,#2452,#2453,#2454,#2455,#2456,
#2457,#2458,#2459,#2460,#2461,#2462,#2463,#2464,#2465,#2466,#2467,#2468,
#2469,#2470,#2471,#2472,#2473,#2474,#2475,#2476,#2477,#2478,#2479,#2480,
#2481,#2482,#2483,#2484,#2485,#2486,#2487,#2488,#2489,#2490,#2491,#2492,
#2493,#2494,#2495,#2496,#2497,#2498)),.UNSPECIFIED.,.F.,.F.,.F.)
B_SPLINE_SURFACE_WITH_KNOTS((2,2),(3,2,2,2,2,2,2,2,2,2,2,2,2,2,2,2,2,2,
2,2,2,2,2,2,2,2,2,2,2,2,2,2,2,2,2,2,2,2,2,2,2,2,2,2,2,2,2,2,2,2,2,2,2,2,
2,2,2,2,2,2,2,2,2,2,2,2,2,2,2,2,2,2,3),(-0.000607514224197557,1.),(0.,0.0138888888888889,
0.0277777777777778,0.0416666666666667,0.0555555555555556,0.0694444444444444,
0.0833333333333333,0.0972222222222222,0.111111111111111,0.125,0.138888888888889,
0.152777777777778,0.166666666666667,0.180555555555556,0.194444444444444,
0.208333333333333,0.222222222222222,0.236111111111111,0.25,0.263888888888889,
0.277777777777778,0.291666666666667,0.305555555555556,0.319444444444444,
0.333333333333333,0.347222222222222,0.361111111111111,0.375,0.388888888888889,
0.402777777777778,0.416666666666667,0.430555555555556,0.444444444444444,
0.458333333333333,0.472222222222222,0.486111111111111,0.5,0.513888888888889,
0.527777777777778,0.541666666666667,0.555555555555556,0.569444444444444,
0.583333333333333,0.597222222222222,0.611111111111111,0.625,0.638888888888889,
0.652777777777778,0.666666666666667,0.680555555555556,0.694444444444444,
0.708333333333333,0.722222222222222,0.736111111111111,0.75,0.763888888888889,
0.777777777777778,0.791666666666667,0.805555555555556,0.819444444444444,
0.833333333333333,0.847222222222222,0.861111111111111,0.875,0.888888888888889,
0.902777777777778,0.916666666666667,0.930555555555556,0.944444444444444,
0.958333333333333,0.972222222222222,0.986111111111111,1.),.UNSPECIFIED.)
GEOMETRIC_REPRESENTATION_ITEM()
RATIONAL_B_SPLINE_SURFACE(((1.,0.923879532511287,1.,0.923879532511287,1.,
0.923879532511287,1.,0.923879532511287,1.,0.923879532511287,1.,0.923879532511287,
1.,0.923879532511287,1.,0.923879532511287,1.,0.923879532511287,1.,0.923879532511287,
1.,0.923879532511287,1.,0.923879532511287,1.,0.923879532511287,1.,0.923879532511287,
1.,0.923879532511287,1.,0.923879532511287,1.,0.923879532511287,1.,0.923879532511287,
1.,0.923879532511287,1.,0.923879532511287,1.,0.923879532511287,1.,0.923879532511287,
1.,0.923879532511287,1.,0.923879532511287,1.,0.923879532511287,1.,0.923879532511287,
1.,0.923879532511287,1.,0.923879532511287,1.,0.923879532511287,1.,0.923879532511287,
1.,0.923879532511287,1.,0.923879532511287,1.,0.923879532511287,1.,0.923879532511287,
1.,0.923879532511287,1.,0.923879532511287,1.,0.923879532511287,1.,0.923879532511287,
1.,0.923879532511287,1.,0.923879532511287,1.,0.923879532511287,1.,0.923879532511287,
1.,0.923879532511287,1.,0.923879532511287,1.,0.923879532511287,1.,0.923879532511287,
1.,0.923879532511287,1.,0.923879532511287,1.,0.923879532511287,1.,0.923879532511287,
1.,0.923879532511287,1.,0.923879532511287,1.,0.923879532511287,1.,0.923879532511287,
1.,0.923879532511287,1.,0.923879532511287,1.,0.923879532511287,1.,0.923879532511287,
1.,0.923879532511287,1.,0.923879532511287,1.,0.923879532511287,1.,0.923879532511287,
1.,0.923879532511287,1.,0.923879532511287,1.,0.923879532511287,1.,0.923879532511287,
1.,0.923879532511287,1.,0.923879532511287,1.,0.923879532511287,1.,0.923879532511287,
1.,0.923879532511287,1.,0.923879532511287,1.),(1.,0.923879532511287,1.,
0.923879532511287,1.,0.923879532511287,1.,0.923879532511287,1.,0.923879532511287,
1.,0.923879532511287,1.,0.923879532511287,1.,0.923879532511287,1.,0.923879532511287,
1.,0.923879532511287,1.,0.923879532511287,1.,0.923879532511287,1.,0.923879532511287,
1.,0.923879532511287,1.,0.923879532511287,1.,0.923879532511287,1.,0.923879532511287,
1.,0.923879532511287,1.,0.923879532511287,1.,0.923879532511287,1.,0.923879532511287,
1.,0.923879532511287,1.,0.923879532511287,1.,0.923879532511287,1.,0.923879532511287,
1.,0.923879532511287,1.,0.923879532511287,1.,0.923879532511287,1.,0.923879532511287,
1.,0.923879532511287,1.,0.923879532511287,1.,0.923879532511287,1.,0.923879532511287,
1.,0.923879532511287,1.,0.923879532511287,1.,0.923879532511287,1.,0.923879532511287,
1.,0.923879532511287,1.,0.923879532511287,1.,0.923879532511287,1.,0.923879532511287,
1.,0.923879532511287,1.,0.923879532511287,1.,0.923879532511287,1.,0.923879532511287,
1.,0.923879532511287,1.,0.923879532511287,1.,0.923879532511287,1.,0.923879532511287,
1.,0.923879532511287,1.,0.923879532511287,1.,0.923879532511287,1.,0.923879532511287,
1.,0.923879532511287,1.,0.923879532511287,1.,0.923879532511287,1.,0.923879532511287,
1.,0.923879532511287,1.,0.923879532511287,1.,0.923879532511287,1.,0.923879532511287,
1.,0.923879532511287,1.,0.923879532511287,1.,0.923879532511287,1.,0.923879532511287,
1.,0.923879532511287,1.,0.923879532511287,1.,0.923879532511287,1.,0.923879532511287,
1.,0.923879532511287,1.,0.923879532511287,1.,0.923879532511287,1.)))
REPRESENTATION_ITEM('')
SURFACE()
);
#17=FACE_BOUND('',#130,.T.);
#18=PLANE('',#743);
#19=PLANE('',#744);
#20=PLANE('',#745);
#21=PLANE('',#746);
#22=PLANE('',#747);
#23=PLANE('',#748);
#24=PLANE('',#761);
#25=PLANE('',#762);
#26=PLANE('',#763);
#27=PLANE('',#764);
#28=PLANE('',#765);
#29=PLANE('',#766);
#30=PLANE('',#767);
#31=CONICAL_SURFACE('',#728,0.9921875,1.0471975511966);
#32=CONICAL_SURFACE('',#735,1.14567944042317,0.78539816339745);
#33=CONICAL_SURFACE('',#737,1.28905,0.785398163397453);
#34=CONICAL_SURFACE('',#741,2.0828,0.959931088596879);
#35=CONICAL_SURFACE('',#756,1.14567944042317,0.78539816339745);
#36=CONICAL_SURFACE('',#757,1.14567944042317,0.78539816339745);
#37=CONICAL_SURFACE('',#758,1.14567944042317,0.78539816339745);
#38=CONICAL_SURFACE('',#759,1.14567944042317,0.78539816339745);
#39=CONICAL_SURFACE('',#760,1.14567944042317,0.78539816339745);
#40=SPHERICAL_SURFACE('',#721,1.5875);
#41=B_SPLINE_CURVE_WITH_KNOTS('',3,(#1218,#1219,#1220,#1221,#1222,#1223,
#1224,#1225,#1226,#1227,#1228,#1229,#1230,#1231,#1232,#1233,#1234,#1235,
#1236,#1237,#1238,#1239,#1240,#1241,#1242,#1243,#1244,#1245,#1246,#1247,
#1248,#1249),.UNSPECIFIED.,.F.,.F.,(4,2,2,2,2,2,2,2,2,2,2,2,2,2,2,4),(-1.16070462277485,
-1.10863881417106,-1.02687619598139,-0.945806599657831,-0.863991172351448,
-0.783010098953012,-0.701139846804696,-0.620243304706843,-0.538316429401678,
-0.457500095332752,-0.375515015886861,-0.29477425800297,-0.212729607130602,
-0.132059513018693,-0.0654148793129684,-9.99999999473644E-7),
 .UNSPECIFIED.);
#42=B_SPLINE_CURVE_WITH_KNOTS('',3,(#1252,#1253,#1254,#1255,#1256,#1257,
#1258,#1259,#1260,#1261,#1262,#1263,#1264,#1265,#1266,#1267,#1268,#1269,
#1270,#1271,#1272,#1273,#1274,#1275,#1276,#1277,#1278,#1279),
 .UNSPECIFIED.,.F.,.F.,(4,2,2,2,2,2,2,2,2,2,2,2,2,4),(-8.58237206162515,
-8.51968473732459,-8.45578646564127,-8.37694695687248,-8.29695180883282,
-8.21803644636207,-8.1380974338195,-8.05910183037241,-7.97921731415406,
-7.90013739448098,-7.82030552282061,-7.74113754391292,-7.66135625395931,
-7.60986136641451),.UNSPECIFIED.);
#43=B_SPLINE_CURVE_WITH_KNOTS('',3,(#1284,#1285,#1286,#1287,#1288,#1289,
#1290,#1291,#1292,#1293,#1294,#1295,#1296,#1297,#1298,#1299,#1300,#1301,
#1302,#1303,#1304,#1305,#1306,#1307,#1308,#1309,#1310,#1311,#1312,#1313,
#1314,#1315,#1316,#1317,#1318,#1319),.UNSPECIFIED.,.F.,.F.,(4,2,2,2,2,2,
2,2,2,2,2,2,2,2,2,2,2,4),(-2.47642161798731,-2.41325162591681,-2.33181537645963,
-2.24993702169167,-2.16847084267116,-2.08669998661659,-2.00520050164482,
-1.92353600514633,-1.84199994812068,-1.76044034141081,-1.67886457704886,
-1.59740804396464,-1.51578958720252,-1.43443395295487,-1.35276998671972,
-1.27151270978698,-1.18980060066681,-1.16070462277485),.UNSPECIFIED.);
#44=B_SPLINE_CURVE_WITH_KNOTS('',3,(#1320,#1321,#1322,#1323,#1324,#1325,
#1326,#1327,#1328,#1329,#1330,#1331,#1332,#1333,#1334,#1335,#1336,#1337,
#1338,#1339,#1340,#1341,#1342,#1343,#1344,#1345,#1346,#1347,#1348,#1349,
#1350,#1351,#1352,#1353,#1354,#1355),.UNSPECIFIED.,.F.,.F.,(4,2,2,2,2,2,
2,2,2,2,2,2,2,2,2,2,2,4),(-7.60986136641451,-7.58209682001512,-7.50236384278819,
-7.42300991482746,-7.34332278346838,-7.26387168365794,-7.18422774471836,
-7.10467715561479,-7.02507358304522,-6.94542154209242,-6.8658553535244,
-6.78610024324879,-6.70656831812089,-6.62670885254692,-6.54720795160107,
-6.46724315946386,-6.3877699451357,-6.32557699062427),.UNSPECIFIED.);
#45=B_SPLINE_CURVE_WITH_KNOTS('',3,(#1360,#1361,#1362,#1363,#1364,#1365,
#1366,#1367,#1368,#1369,#1370,#1371,#1372,#1373,#1374,#1375,#1376,#1377,
#1378,#1379,#1380,#1381,#1382,#1383,#1384,#1385,#1386,#1387,#1388,#1389,
#1390,#1391,#1392,#1393,#1394,#1395),.UNSPECIFIED.,.F.,.F.,(4,2,2,2,2,2,
2,2,2,2,2,2,2,2,2,2,2,4),(-3.79450495931899,-3.7230299599507,-3.64170526854349,
-3.55895860743076,-3.47763247910386,-3.39499311526926,-3.31366202416282,
-3.2311306670824,-3.14979104252325,-3.06736825406649,-2.98601649614164,
-2.90370266711524,-2.82233516376897,-2.74013048974612,-2.65874363525481,
-2.57664809205364,-2.49523830667611,-2.47642161798731),.UNSPECIFIED.);
#46=B_SPLINE_CURVE_WITH_KNOTS('',3,(#1396,#1397,#1398,#1399,#1400,#1401,
#1402,#1403,#1404,#1405,#1406,#1407,#1408,#1409,#1410,#1411,#1412,#1413,
#1414,#1415,#1416,#1417,#1418,#1419,#1420,#1421,#1422,#1423,#1424,#1425,
#1426,#1427,#1428,#1429,#1430,#1431),.UNSPECIFIED.,.F.,.F.,(4,2,2,2,2,2,
2,2,2,2,2,2,2,2,2,2,2,4),(-6.32557699062427,-6.30769915049494,-6.22825020773623,
-6.14807300859991,-6.06864486570123,-5.98836111125054,-5.908950260274,-5.8285600272468,
-5.7491629437284,-5.66866651247109,-5.58927967410755,-5.50867750474826,
-5.42929740883995,-5.34859011797336,-5.26921329745118,-5.1884016356603,
-5.10902467357807,-5.03888504415029),.UNSPECIFIED.);
#47=B_SPLINE_CURVE_WITH_KNOTS('',3,(#1436,#1437,#1438,#1439,#1440,#1441,
#1442,#1443,#1444,#1445,#1446,#1447,#1448,#1449,#1450,#1451,#1452,#1453,
#1454,#1455,#1456,#1457,#1458,#1459,#1460,#1461,#1462,#1463,#1464,#1465,
#1466,#1467,#1468,#1469,#1470,#1471),.UNSPECIFIED.,.F.,.F.,(4,2,2,2,2,2,
2,2,2,2,2,2,2,2,2,2,2,4),(-5.11681075112918,-5.03969320828518,-4.95826230486926,
-4.87469374911556,-4.79328667126234,-4.70981682308648,-4.62843076954708,
-4.5450608308462,-4.46369288860446,-4.38042405234738,-4.29907119985407,
-4.21590463821744,-4.13456374991139,-4.05150060084929,-3.97016845307544,
-3.88720980528107,-3.80588308370364,-3.79450495931899),.UNSPECIFIED.);
#48=B_SPLINE_CURVE_WITH_KNOTS('',3,(#1472,#1473,#1474,#1475,#1476,#1477,
#1478,#1479,#1480,#1481,#1482,#1483,#1484,#1485,#1486,#1487,#1488,#1489,
#1490,#1491,#1492,#1493,#1494,#1495,#1496,#1497,#1498,#1499,#1500,#1501,
#1502,#1503,#1504,#1505,#1506,#1507),.UNSPECIFIED.,.F.,.F.,(4,2,2,2,2,2,
2,2,2,2,2,2,2,2,2,2,2,4),(-5.03888504415029,-5.02810950405393,-4.94872904647689,
-4.86771132493502,-4.78832409219878,-4.7072048482345,-4.62780764458657,
-4.54658796455717,-4.46472595667853,-4.38588022367139,-4.30395409583806,
-4.22505646303671,-4.14306594346467,-4.06411497237549,-3.98205978313306,
-3.90305416110974,-3.82093402043349,-3.74797651552256),.UNSPECIFIED.);
#49=B_SPLINE_CURVE_WITH_KNOTS('',3,(#1512,#1513,#1514,#1515,#1516,#1517,
#1518,#1519,#1520,#1521,#1522,#1523,#1524,#1525,#1526,#1527,#1528,#1529,
#1530,#1531,#1532,#1533,#1534,#1535,#1536,#1537,#1538,#1539,#1540,#1541,
#1542,#1543,#1544,#1545,#1546,#1547),.UNSPECIFIED.,.F.,.F.,(4,2,2,2,2,2,
2,2,2,2,2,2,2,2,2,2,2,4),(-6.44548458294307,-6.36585985651294,-6.2810931406815,
-6.19959134164794,-6.11489464238568,-6.03345892267999,-5.9488320308192,
-5.86746202410289,-5.78290472248396,-5.70160003148786,-5.61711209487825,
-5.53587228807049,-5.45145348315154,-5.37027809104576,-5.28592817648057,
-5.20481668755012,-5.12335927115308,-5.11681075112918),.UNSPECIFIED.);
#50=B_SPLINE_CURVE_WITH_KNOTS('',3,(#1548,#1549,#1550,#1551,#1552,#1553,
#1554,#1555,#1556,#1557,#1558,#1559,#1560,#1561,#1562,#1563,#1564,#1565,
#1566,#1567,#1568,#1569,#1570,#1571,#1572,#1573,#1574,#1575,#1576,#1577,
#1578,#1579,#1580,#1581,#1582,#1583),.UNSPECIFIED.,.F.,.F.,(4,2,2,2,2,2,
2,2,2,2,2,2,2,2,2,2,2,4),(-3.74797651552256,-3.74187255026725,-3.65968717465396,
-3.58056876473117,-3.49831787079672,-3.41914152585947,-3.33682483196513,
-3.25758964449199,-3.17520687214438,-3.09591201435388,-3.01346288938938,
-2.93410760585703,-2.85159185942437,-2.77217546029511,-2.689592829652,-2.61011468442322,
-2.52746491356388,-2.45121167119532),.UNSPECIFIED.);
#51=B_SPLINE_CURVE_WITH_KNOTS('',3,(#1588,#1589,#1590,#1591,#1592,#1593,
#1594,#1595,#1596,#1597,#1598,#1599,#1600,#1601,#1602,#1603,#1604,#1605,
#1606,#1607,#1608,#1609,#1610,#1611,#1612,#1613,#1614,#1615,#1616,#1617,
#1618,#1619,#1620,#1621,#1622,#1623),.UNSPECIFIED.,.F.,.F.,(4,2,2,2,2,2,
2,2,2,2,2,2,2,2,2,2,2,4),(-7.78213410978325,-7.70096591308056,-7.61563243125997,
-7.53359165516405,-7.44832959947818,-7.36635702445333,-7.28116624193321,
-7.19926166269855,-7.11414199431251,-7.03230519177164,-6.94725647212716,
-6.86548721193267,-6.78050926898349,-6.69880729994132,-6.6138999547042,
-6.53226500699989,-6.44742807328623,-6.44548458294307),.UNSPECIFIED.);
#52=B_SPLINE_CURVE_WITH_KNOTS('',3,(#1624,#1625,#1626,#1627,#1628,#1629,
#1630,#1631,#1632,#1633,#1634,#1635,#1636,#1637,#1638,#1639,#1640,#1641,
#1642,#1643,#1644,#1645,#1646,#1647,#1648,#1649,#1650,#1651,#1652,#1653,
#1654,#1655,#1656,#1657,#1658,#1659),.UNSPECIFIED.,.F.,.F.,(4,2,2,2,2,2,
2,2,2,2,2,2,2,2,2,2,2,4),(-2.45121167119532,-2.44792444540964,-2.36520728554064,
-2.28560396614458,-2.20281917602596,-2.12315252088897,-2.04029986705739,
-1.96056943124527,-1.87764868813481,-1.7978540624316,-1.71486501240698,
-1.63500581984053,-1.55194825315613,-1.47202414586361,-1.38889786056077,
-1.30890851696381,-1.22571331871721,-1.14734700695077),.UNSPECIFIED.);
#53=B_SPLINE_CURVE_WITH_KNOTS('',3,(#1700,#1701,#1702,#1703,#1704,#1705,
#1706,#1707,#1708,#1709,#1710,#1711,#1712,#1713),.UNSPECIFIED.,.F.,.F.,
(4,2,2,2,2,2,4),(-0.118992073840679,-0.105980801703434,-0.0960165482514707,
-0.0786211421510974,-0.0558465561059254,-0.0331695801246601,-9.99999999902934E-7),
 .UNSPECIFIED.);
#54=B_SPLINE_CURVE_WITH_KNOTS('',3,(#1717,#1718,#1719,#1720,#1721,#1722,
#1723,#1724,#1725,#1726,#1727,#1728,#1729,#1730,#1731,#1732,#1733,#1734,
#1735,#1736,#1737,#1738,#1739,#1740,#1741,#1742),.UNSPECIFIED.,.F.,.F.,
(4,2,2,2,2,2,2,2,2,2,2,2,4),(-2.76438493603937,-2.62529881750093,-2.45106385623755,
-2.21271032417673,-1.99180974019689,-1.79126543480815,-1.60329009012856,
-1.43159664265062,-1.26833571160369,-1.11187073598712,-1.03431696489171,
-0.882413165627006,-0.841610111825681),.UNSPECIFIED.);
#55=B_SPLINE_CURVE_WITH_KNOTS('',3,(#1744,#1745,#1746,#1747,#1748,#1749,
#1750,#1751,#1752,#1753,#1754,#1755,#1756,#1757,#1758,#1759,#1760,#1761),
 .UNSPECIFIED.,.F.,.F.,(4,2,2,2,2,2,2,2,4),(-0.841610111825681,-0.806971866415042,
-0.656437812752199,-0.583197133074167,-0.436656630385703,-0.295344300862188,
-0.165066230626727,-0.0680692756288394,-1.00000000002876E-6),
 .UNSPECIFIED.);
#56=B_SPLINE_CURVE_WITH_KNOTS('',3,(#1763,#1764,#1765,#1766,#1767,#1768,
#1769,#1770,#1771,#1772,#1773,#1774,#1775,#1776,#1777,#1778,#1779,#1780,
#1781,#1782,#1783,#1784,#1785,#1786,#1787,#1788,#1789,#1790,#1791,#1792,
#1793,#1794),.UNSPECIFIED.,.F.,.F.,(4,2,2,2,2,2,2,2,2,2,2,2,2,2,2,4),(-1.14734700695077,
-1.14565844244961,-1.06239421694399,-0.982273598506472,-0.898940093556685,
-0.81875340765084,-0.735350450543336,-0.655097457710481,-0.571624882422777,
-0.491305359074894,-0.407763005993557,-0.327376742913771,-0.243764458544735,
-0.163311259538091,-0.0796288962133806,-1.00000011604706E-6),
 .UNSPECIFIED.);
#57=B_SPLINE_CURVE_WITH_KNOTS('',3,(#1795,#1796,#1797,#1798,#1799,#1800,
#1801,#1802,#1803,#1804,#1805,#1806,#1807,#1808,#1809,#1810,#1811,#1812,
#1813,#1814,#1815,#1816,#1817,#1818,#1819,#1820,#1821,#1822),
 .UNSPECIFIED.,.F.,.F.,(4,2,2,2,2,2,2,2,2,2,2,2,2,4),(-8.7901812019783,
-8.70816062292173,-8.62239576126245,-8.53994217769278,-8.45424954913912,
-8.37186517217393,-8.28624465397182,-8.20392933816059,-8.118380803225,-8.03613439536895,
-7.95065771201245,-7.86848005039599,-7.78307508204839,-7.78213410978325),
 .UNSPECIFIED.);
#58=B_SPLINE_CURVE_WITH_KNOTS('',3,(#1827,#1828,#1829,#1830,#1831,#1832),
 .UNSPECIFIED.,.F.,.F.,(4,2,4),(-0.0911023963093949,-0.0455229826788411,
0.),.UNSPECIFIED.);
#59=B_SPLINE_CURVE_WITH_KNOTS('',3,(#1833,#1834,#1835,#1836,#1837,#1838,
#1839,#1840,#1841,#1842,#1843,#1844,#1845,#1846,#1847,#1848,#1849,#1850,
#1851,#1852,#1853,#1854,#1855,#1856,#1857,#1858,#1859,#1860),
 .UNSPECIFIED.,.F.,.F.,(4,2,2,2,2,2,2,2,2,2,2,2,2,4),(-0.656590911536093,
-0.600134479593678,-0.545676406443371,-0.467197800706023,-0.396146176679869,
-0.333928735054318,-0.276921440612978,-0.225558536915118,-0.181799199733819,
-0.159362716591726,-0.136772700977536,-0.0956677796216442,-0.053666195925789,
-9.99999999362622E-7),.UNSPECIFIED.);
#60=B_SPLINE_CURVE_WITH_KNOTS('',3,(#1882,#1883,#1884,#1885,#1886,#1887),
 .UNSPECIFIED.,.F.,.F.,(4,2,4),(-0.0736283270985141,-0.0368099674852566,
-1.00000009027601E-6),.UNSPECIFIED.);
#61=FACE_OUTER_BOUND('',#103,.T.);
#62=FACE_OUTER_BOUND('',#104,.T.);
#63=FACE_OUTER_BOUND('',#105,.T.);
#64=FACE_OUTER_BOUND('',#106,.T.);
#65=FACE_OUTER_BOUND('',#107,.T.);
#66=FACE_OUTER_BOUND('',#108,.T.);
#67=FACE_OUTER_BOUND('',#109,.T.);
#68=FACE_OUTER_BOUND('',#110,.T.);
#69=FACE_OUTER_BOUND('',#111,.T.);
#70=FACE_OUTER_BOUND('',#112,.T.);
#71=FACE_OUTER_BOUND('',#113,.T.);
#72=FACE_OUTER_BOUND('',#114,.T.);
#73=FACE_OUTER_BOUND('',#115,.T.);
#74=FACE_OUTER_BOUND('',#116,.T.);
#75=FACE_OUTER_BOUND('',#117,.T.);
#76=FACE_OUTER_BOUND('',#118,.T.);
#77=FACE_OUTER_BOUND('',#119,.T.);
#78=FACE_OUTER_BOUND('',#120,.T.);
#79=FACE_OUTER_BOUND('',#121,.T.);
#80=FACE_OUTER_BOUND('',#122,.T.);
#81=FACE_OUTER_BOUND('',#123,.T.);
#82=FACE_OUTER_BOUND('',#124,.T.);
#83=FACE_OUTER_BOUND('',#125,.T.);
#84=FACE_OUTER_BOUND('',#126,.T.);
#85=FACE_OUTER_BOUND('',#127,.T.);
#86=FACE_OUTER_BOUND('',#128,.T.);
#87=FACE_OUTER_BOUND('',#129,.T.);
#88=FACE_OUTER_BOUND('',#131,.T.);
#89=FACE_OUTER_BOUND('',#132,.T.);
#90=FACE_OUTER_BOUND('',#133,.T.);
#91=FACE_OUTER_BOUND('',#134,.T.);
#92=FACE_OUTER_BOUND('',#135,.T.);
#93=FACE_OUTER_BOUND('',#136,.T.);
#94=FACE_OUTER_BOUND('',#137,.T.);
#95=FACE_OUTER_BOUND('',#138,.T.);
#96=FACE_OUTER_BOUND('',#139,.T.);
#97=FACE_OUTER_BOUND('',#140,.T.);
#98=FACE_OUTER_BOUND('',#141,.T.);
#99=FACE_OUTER_BOUND('',#142,.T.);
#100=FACE_OUTER_BOUND('',#143,.T.);
#101=FACE_OUTER_BOUND('',#144,.T.);
#102=FACE_OUTER_BOUND('',#145,.T.);
#103=EDGE_LOOP('',(#428,#429,#430,#431));
#104=EDGE_LOOP('',(#432,#433,#434,#435));
#105=EDGE_LOOP('',(#436,#437,#438,#439));
#106=EDGE_LOOP('',(#440,#441,#442,#443));
#107=EDGE_LOOP('',(#444,#445,#446,#447));
#108=EDGE_LOOP('',(#448,#449,#450,#451));
#109=EDGE_LOOP('',(#452,#453,#454,#455));
#110=EDGE_LOOP('',(#456,#457,#458,#459));
#111=EDGE_LOOP('',(#460,#461,#462,#463));
#112=EDGE_LOOP('',(#464,#465,#466,#467));
#113=EDGE_LOOP('',(#468,#469,#470,#471));
#114=EDGE_LOOP('',(#472,#473,#474,#475));
#115=EDGE_LOOP('',(#476,#477,#478,#479));
#116=EDGE_LOOP('',(#480,#481,#482,#483));
#117=EDGE_LOOP('',(#484,#485,#486,#487));
#118=EDGE_LOOP('',(#488,#489,#490,#491,#492,#493));
#119=EDGE_LOOP('',(#494,#495,#496,#497,#498,#499,#500,#501));
#120=EDGE_LOOP('',(#502,#503));
#121=EDGE_LOOP('',(#504,#505,#506,#507,#508,#509,#510,#511,#512));
#122=EDGE_LOOP('',(#513,#514,#515,#516));
#123=EDGE_LOOP('',(#517,#518,#519,#520));
#124=EDGE_LOOP('',(#521,#522,#523));
#125=EDGE_LOOP('',(#524,#525,#526));
#126=EDGE_LOOP('',(#527,#528,#529));
#127=EDGE_LOOP('',(#530,#531,#532));
#128=EDGE_LOOP('',(#533,#534,#535));
#129=EDGE_LOOP('',(#536,#537,#538,#539));
#130=EDGE_LOOP('',(#540,#541,#542,#543,#544,#545));
#131=EDGE_LOOP('',(#546,#547,#548,#549,#550,#551,#552,#553,#554,#555,#556,
#557,#558,#559,#560,#561,#562,#563,#564));
#132=EDGE_LOOP('',(#565,#566,#567,#568));
#133=EDGE_LOOP('',(#569,#570,#571,#572,#573,#574,#575,#576,#577,#578,#579,
#580,#581,#582,#583,#584,#585,#586,#587,#588));
#134=EDGE_LOOP('',(#589,#590));
#135=EDGE_LOOP('',(#591,#592));
#136=EDGE_LOOP('',(#593,#594));
#137=EDGE_LOOP('',(#595,#596));
#138=EDGE_LOOP('',(#597,#598));
#139=EDGE_LOOP('',(#599,#600,#601));
#140=EDGE_LOOP('',(#602,#603,#604,#605,#606));
#141=EDGE_LOOP('',(#607,#608,#609,#610,#611));
#142=EDGE_LOOP('',(#612,#613,#614,#615,#616));
#143=EDGE_LOOP('',(#617,#618,#619,#620,#621));
#144=EDGE_LOOP('',(#622,#623,#624,#625,#626));
#145=EDGE_LOOP('',(#627,#628,#629,#630,#631));
#146=CIRCLE('',#706,1.56724425180957);
#147=CIRCLE('',#715,2.0828);
#148=CIRCLE('',#722,1.5);
#149=CIRCLE('',#723,1.5);
#150=CIRCLE('',#724,1.5875);
#151=CIRCLE('',#726,1.5);
#152=CIRCLE('',#727,1.5);
#153=CIRCLE('',#729,0.9921875);
#154=CIRCLE('',#730,0.9921875);
#155=CIRCLE('',#731,0.9921875);
#156=CIRCLE('',#732,0.9921875);
#157=CIRCLE('',#733,0.9921875);
#158=CIRCLE('',#734,0.9921875);
#159=CIRCLE('',#736,1.14567944042317);
#160=CIRCLE('',#738,1.56724425180957);
#161=CIRCLE('',#739,2.0828);
#162=CIRCLE('',#742,1.66624);
#163=CIRCLE('',#749,1.63828797151366);
#164=CIRCLE('',#750,1.14567944042317);
#165=CIRCLE('',#751,1.14567944042317);
#166=CIRCLE('',#752,1.14567944042317);
#167=CIRCLE('',#753,1.14567944042317);
#168=CIRCLE('',#754,1.14567944042317);
#169=(
BOUNDED_CURVE()
B_SPLINE_CURVE(2,(#937,#938,#939,#940,#941),.UNSPECIFIED.,.F.,.F.)
B_SPLINE_CURVE_WITH_KNOTS((3,2,3),(0.944444444444444,0.958333333333333,
0.972222223462344),.UNSPECIFIED.)
CURVE()
GEOMETRIC_REPRESENTATION_ITEM()
RATIONAL_B_SPLINE_CURVE((1.,0.923879532511287,1.,0.923879532511287,1.))
REPRESENTATION_ITEM('')
);
#170=(
BOUNDED_CURVE()
B_SPLINE_CURVE(2,(#944,#945,#946),.UNSPECIFIED.,.F.,.F.)
B_SPLINE_CURVE_WITH_KNOTS((3,3),(0.944444444444444,0.958333334573455),
 .UNSPECIFIED.)
CURVE()
GEOMETRIC_REPRESENTATION_ITEM()
RATIONAL_B_SPLINE_CURVE((1.,0.923879532511287,1.))
REPRESENTATION_ITEM('')
);
#171=(
BOUNDED_CURVE()
B_SPLINE_CURVE(2,(#951,#952,#953,#954,#955,#956,#957,#958,#959,#960,#961,
#962,#963,#964,#965,#966,#967),.UNSPECIFIED.,.F.,.F.)
B_SPLINE_CURVE_WITH_KNOTS((3,2,2,2,2,2,2,2,3),(0.833333333333333,0.847222222222222,
0.861111111111111,0.875,0.888888888888889,0.902777777777778,0.916666666666667,
0.930555555555556,0.944444444444444),.UNSPECIFIED.)
CURVE()
GEOMETRIC_REPRESENTATION_ITEM()
RATIONAL_B_SPLINE_CURVE((1.,0.923879532511287,1.,0.923879532511287,1.,0.923879532511287,
1.,0.923879532511287,1.,0.923879532511287,1.,0.923879532511287,1.,0.923879532511287,
1.,0.923879532511287,1.))
REPRESENTATION_ITEM('')
);
#172=(
BOUNDED_CURVE()
B_SPLINE_CURVE(2,(#968,#969,#970,#971,#972,#973,#974,#975,#976,#977,#978,
#979,#980,#981,#982,#983,#984),.UNSPECIFIED.,.F.,.F.)
B_SPLINE_CURVE_WITH_KNOTS((3,2,2,2,2,2,2,2,3),(0.833333333333333,0.847222222222222,
0.861111111111111,0.875,0.888888888888889,0.902777777777778,0.916666666666667,
0.930555555555556,0.944444444444444),.UNSPECIFIED.)
CURVE()
GEOMETRIC_REPRESENTATION_ITEM()
RATIONAL_B_SPLINE_CURVE((1.,0.923879532511287,1.,0.923879532511287,1.,0.923879532511287,
1.,0.923879532511287,1.,0.923879532511287,1.,0.923879532511287,1.,0.923879532511287,
1.,0.923879532511287,1.))
REPRESENTATION_ITEM('')
);
#173=(
BOUNDED_CURVE()
B_SPLINE_CURVE(2,(#989,#990,#991,#992,#993,#994,#995,#996,#997,#998,#999,
#1000,#1001,#1002,#1003,#1004,#1005),.UNSPECIFIED.,.F.,.F.)
B_SPLINE_CURVE_WITH_KNOTS((3,2,2,2,2,2,2,2,3),(0.722222222222222,0.736111111111111,
0.75,0.763888888888889,0.777777777777778,0.791666666666667,0.805555555555556,
0.819444444444444,0.833333333333333),.UNSPECIFIED.)
CURVE()
GEOMETRIC_REPRESENTATION_ITEM()
RATIONAL_B_SPLINE_CURVE((1.,0.923879532511287,1.,0.923879532511287,1.,0.923879532511287,
1.,0.923879532511287,1.,0.923879532511287,1.,0.923879532511287,1.,0.923879532511287,
1.,0.923879532511287,1.))
REPRESENTATION_ITEM('')
);
#174=(
BOUNDED_CURVE()
B_SPLINE_CURVE(2,(#1006,#1007,#1008,#1009,#1010,#1011,#1012,#1013,#1014,
#1015,#1016,#1017,#1018,#1019,#1020,#1021,#1022),.UNSPECIFIED.,.F.,.F.)
B_SPLINE_CURVE_WITH_KNOTS((3,2,2,2,2,2,2,2,3),(0.722222222222222,0.736111111111111,
0.75,0.763888888888889,0.777777777777778,0.791666666666667,0.805555555555556,
0.819444444444444,0.833333333333333),.UNSPECIFIED.)
CURVE()
GEOMETRIC_REPRESENTATION_ITEM()
RATIONAL_B_SPLINE_CURVE((1.,0.923879532511287,1.,0.923879532511287,1.,0.923879532511287,
1.,0.923879532511287,1.,0.923879532511287,1.,0.923879532511287,1.,0.923879532511287,
1.,0.923879532511287,1.))
REPRESENTATION_ITEM('')
);
#175=(
BOUNDED_CURVE()
B_SPLINE_CURVE(2,(#1027,#1028,#1029,#1030,#1031,#1032,#1033,#1034,#1035,
#1036,#1037,#1038,#1039,#1040,#1041,#1042,#1043),.UNSPECIFIED.,.F.,.F.)
B_SPLINE_CURVE_WITH_KNOTS((3,2,2,2,2,2,2,2,3),(0.611111111111111,0.625,
0.638888888888889,0.652777777777778,0.666666666666667,0.680555555555556,
0.694444444444444,0.708333333333333,0.722222222222222),.UNSPECIFIED.)
CURVE()
GEOMETRIC_REPRESENTATION_ITEM()
RATIONAL_B_SPLINE_CURVE((1.,0.923879532511287,1.,0.923879532511287,1.,0.923879532511287,
1.,0.923879532511287,1.,0.923879532511287,1.,0.923879532511287,1.,0.923879532511287,
1.,0.923879532511287,1.))
REPRESENTATION_ITEM('')
);
#176=(
BOUNDED_CURVE()
B_SPLINE_CURVE(2,(#1044,#1045,#1046,#1047,#1048,#1049,#1050,#1051,#1052,
#1053,#1054,#1055,#1056,#1057,#1058,#1059,#1060),.UNSPECIFIED.,.F.,.F.)
B_SPLINE_CURVE_WITH_KNOTS((3,2,2,2,2,2,2,2,3),(0.611111111111111,0.625,
0.638888888888889,0.652777777777778,0.666666666666667,0.680555555555556,
0.694444444444444,0.708333333333333,0.722222222222222),.UNSPECIFIED.)
CURVE()
GEOMETRIC_REPRESENTATION_ITEM()
RATIONAL_B_SPLINE_CURVE((1.,0.923879532511287,1.,0.923879532511287,1.,0.923879532511287,
1.,0.923879532511287,1.,0.923879532511287,1.,0.923879532511287,1.,0.923879532511287,
1.,0.923879532511287,1.))
REPRESENTATION_ITEM('')
);
#177=(
BOUNDED_CURVE()
B_SPLINE_CURVE(2,(#1065,#1066,#1067,#1068,#1069,#1070,#1071,#1072,#1073,
#1074,#1075,#1076,#1077,#1078,#1079,#1080,#1081),.UNSPECIFIED.,.F.,.F.)
B_SPLINE_CURVE_WITH_KNOTS((3,2,2,2,2,2,2,2,3),(0.5,0.513888888888889,0.527777777777778,
0.541666666666667,0.555555555555556,0.569444444444444,0.583333333333333,
0.597222222222222,0.611111111111111),.UNSPECIFIED.)
CURVE()
GEOMETRIC_REPRESENTATION_ITEM()
RATIONAL_B_SPLINE_CURVE((1.,0.923879532511287,1.,0.923879532511287,1.,0.923879532511287,
1.,0.923879532511287,1.,0.923879532511287,1.,0.923879532511287,1.,0.923879532511287,
1.,0.923879532511287,1.))
REPRESENTATION_ITEM('')
);
#178=(
BOUNDED_CURVE()
B_SPLINE_CURVE(2,(#1082,#1083,#1084,#1085,#1086,#1087,#1088,#1089,#1090,
#1091,#1092,#1093,#1094,#1095,#1096,#1097,#1098),.UNSPECIFIED.,.F.,.F.)
B_SPLINE_CURVE_WITH_KNOTS((3,2,2,2,2,2,2,2,3),(0.5,0.513888888888889,0.527777777777778,
0.541666666666667,0.555555555555556,0.569444444444444,0.583333333333333,
0.597222222222222,0.611111111111111),.UNSPECIFIED.)
CURVE()
GEOMETRIC_REPRESENTATION_ITEM()
RATIONAL_B_SPLINE_CURVE((1.,0.923879532511287,1.,0.923879532511287,1.,0.923879532511287,
1.,0.923879532511287,1.,0.923879532511287,1.,0.923879532511287,1.,0.923879532511287,
1.,0.923879532511287,1.))
REPRESENTATION_ITEM('')
);
#179=(
BOUNDED_CURVE()
B_SPLINE_CURVE(2,(#1103,#1104,#1105,#1106,#1107,#1108,#1109,#1110,#1111,
#1112,#1113,#1114,#1115,#1116,#1117,#1118,#1119),.UNSPECIFIED.,.F.,.F.)
B_SPLINE_CURVE_WITH_KNOTS((3,2,2,2,2,2,2,2,3),(0.388888888888889,0.402777777777778,
0.416666666666667,0.430555555555556,0.444444444444444,0.458333333333333,
0.472222222222222,0.486111111111111,0.5),.UNSPECIFIED.)
CURVE()
GEOMETRIC_REPRESENTATION_ITEM()
RATIONAL_B_SPLINE_CURVE((1.,0.923879532511287,1.,0.923879532511287,1.,0.923879532511287,
1.,0.923879532511287,1.,0.923879532511287,1.,0.923879532511287,1.,0.923879532511287,
1.,0.923879532511287,1.))
REPRESENTATION_ITEM('')
);
#180=(
BOUNDED_CURVE()
B_SPLINE_CURVE(2,(#1120,#1121,#1122,#1123,#1124,#1125,#1126,#1127,#1128,
#1129,#1130,#1131,#1132,#1133,#1134,#1135,#1136),.UNSPECIFIED.,.F.,.F.)
B_SPLINE_CURVE_WITH_KNOTS((3,2,2,2,2,2,2,2,3),(0.388888888888889,0.402777777777778,
0.416666666666667,0.430555555555556,0.444444444444444,0.458333333333333,
0.472222222222222,0.486111111111111,0.5),.UNSPECIFIED.)
CURVE()
GEOMETRIC_REPRESENTATION_ITEM()
RATIONAL_B_SPLINE_CURVE((1.,0.923879532511287,1.,0.923879532511287,1.,0.923879532511287,
1.,0.923879532511287,1.,0.923879532511287,1.,0.923879532511287,1.,0.923879532511287,
1.,0.923879532511287,1.))
REPRESENTATION_ITEM('')
);
#181=(
BOUNDED_CURVE()
B_SPLINE_CURVE(2,(#1141,#1142,#1143,#1144,#1145,#1146,#1147,#1148,#1149,
#1150,#1151,#1152,#1153,#1154,#1155,#1156,#1157),.UNSPECIFIED.,.F.,.F.)
B_SPLINE_CURVE_WITH_KNOTS((3,2,2,2,2,2,2,2,3),(0.277777777777778,0.291666666666667,
0.305555555555556,0.319444444444444,0.333333333333333,0.347222222222222,
0.361111111111111,0.375,0.388888888888889),.UNSPECIFIED.)
CURVE()
GEOMETRIC_REPRESENTATION_ITEM()
RATIONAL_B_SPLINE_CURVE((1.,0.923879532511287,1.,0.923879532511287,1.,0.923879532511287,
1.,0.923879532511287,1.,0.923879532511287,1.,0.923879532511287,1.,0.923879532511287,
1.,0.923879532511287,1.))
REPRESENTATION_ITEM('')
);
#182=(
BOUNDED_CURVE()
B_SPLINE_CURVE(2,(#1158,#1159,#1160,#1161,#1162,#1163,#1164,#1165,#1166,
#1167,#1168,#1169,#1170,#1171,#1172,#1173,#1174),.UNSPECIFIED.,.F.,.F.)
B_SPLINE_CURVE_WITH_KNOTS((3,2,2,2,2,2,2,2,3),(0.277777777777778,0.291666666666667,
0.305555555555556,0.319444444444444,0.333333333333333,0.347222222222222,
0.361111111111111,0.375,0.388888888888889),.UNSPECIFIED.)
CURVE()
GEOMETRIC_REPRESENTATION_ITEM()
RATIONAL_B_SPLINE_CURVE((1.,0.923879532511287,1.,0.923879532511287,1.,0.923879532511287,
1.,0.923879532511287,1.,0.923879532511287,1.,0.923879532511287,1.,0.923879532511287,
1.,0.923879532511287,1.))
REPRESENTATION_ITEM('')
);
#183=(
BOUNDED_CURVE()
B_SPLINE_CURVE(2,(#1179,#1180,#1181,#1182,#1183,#1184,#1185,#1186,#1187,
#1188,#1189,#1190,#1191,#1192,#1193,#1194,#1195),.UNSPECIFIED.,.F.,.F.)
B_SPLINE_CURVE_WITH_KNOTS((3,2,2,2,2,2,2,2,3),(0.166666666666667,0.180555555555556,
0.194444444444444,0.208333333333333,0.222222222222222,0.236111111111111,
0.25,0.263888888888889,0.277777777777778),.UNSPECIFIED.)
CURVE()
GEOMETRIC_REPRESENTATION_ITEM()
RATIONAL_B_SPLINE_CURVE((1.,0.923879532511287,1.,0.923879532511287,1.,0.923879532511287,
1.,0.923879532511287,1.,0.923879532511287,1.,0.923879532511287,1.,0.923879532511287,
1.,0.923879532511287,1.))
REPRESENTATION_ITEM('')
);
#184=(
BOUNDED_CURVE()
B_SPLINE_CURVE(2,(#1196,#1197,#1198,#1199,#1200,#1201,#1202,#1203,#1204,
#1205,#1206,#1207,#1208,#1209,#1210,#1211,#1212),.UNSPECIFIED.,.F.,.F.)
B_SPLINE_CURVE_WITH_KNOTS((3,2,2,2,2,2,2,2,3),(0.166666666666667,0.180555555555556,
0.194444444444444,0.208333333333333,0.222222222222222,0.236111111111111,
0.25,0.263888888888889,0.277777777777778),.UNSPECIFIED.)
CURVE()
GEOMETRIC_REPRESENTATION_ITEM()
RATIONAL_B_SPLINE_CURVE((1.,0.923879532511287,1.,0.923879532511287,1.,0.923879532511287,
1.,0.923879532511287,1.,0.923879532511287,1.,0.923879532511287,1.,0.923879532511287,
1.,0.923879532511287,1.))
REPRESENTATION_ITEM('')
);
#185=(
BOUNDED_CURVE()
B_SPLINE_CURVE(2,(#1691,#1692,#1693),.UNSPECIFIED.,.F.,.F.)
B_SPLINE_CURVE_WITH_KNOTS((3,3),(0.124161311417324,0.32081274996242),
 .UNSPECIFIED.)
CURVE()
GEOMETRIC_REPRESENTATION_ITEM()
RATIONAL_B_SPLINE_CURVE((1.46775595856406,1.69481859556323,1.46775595856406))
REPRESENTATION_ITEM('')
);
#186=(
BOUNDED_CURVE()
B_SPLINE_CURVE(2,(#2188,#2189,#2190,#2191,#2192,#2193,#2194,#2195,#2196,
#2197,#2198),.UNSPECIFIED.,.F.,.F.)
B_SPLINE_CURVE_WITH_KNOTS((3,2,2,2,2,3),(0.108282577234974,0.111111111111111,
0.125,0.138888888888889,0.152777777777778,0.166666666666667),
 .UNSPECIFIED.)
CURVE()
GEOMETRIC_REPRESENTATION_ITEM()
RATIONAL_B_SPLINE_CURVE((0.975309670436292,0.984497728890934,1.,0.923879532511287,
1.,0.923879532511287,1.,0.923879532511287,1.,0.923879532511287,1.))
REPRESENTATION_ITEM('')
);
#187=(
BOUNDED_CURVE()
B_SPLINE_CURVE(2,(#2200,#2201,#2202,#2203,#2204,#2205,#2206,#2207,#2208),
 .UNSPECIFIED.,.F.,.F.)
B_SPLINE_CURVE_WITH_KNOTS((3,2,2,2,3),(0.122171466123874,0.125,0.138888888888889,
0.152777777777778,0.166666666666667),.UNSPECIFIED.)
CURVE()
GEOMETRIC_REPRESENTATION_ITEM()
RATIONAL_B_SPLINE_CURVE((0.975309670436368,0.984497728890998,1.,0.923879532511287,
1.,0.923879532511287,1.,0.923879532511287,1.))
REPRESENTATION_ITEM('')
);
#188=(
BOUNDED_CURVE()
B_SPLINE_CURVE(2,(#2500,#2501,#2502),.UNSPECIFIED.,.F.,.F.)
B_SPLINE_CURVE_WITH_KNOTS((3,3),(-0.320812749962421,-0.124161311417325),
 .UNSPECIFIED.)
CURVE()
GEOMETRIC_REPRESENTATION_ITEM()
RATIONAL_B_SPLINE_CURVE((1.46775595856406,1.69481859556323,1.46775595856406))
REPRESENTATION_ITEM('')
);
#189=(
BOUNDED_CURVE()
B_SPLINE_CURVE(2,(#2504,#2505,#2506),.UNSPECIFIED.,.F.,.F.)
B_SPLINE_CURVE_WITH_KNOTS((3,3),(-0.32081274996242,-0.124161311417325),
 .UNSPECIFIED.)
CURVE()
GEOMETRIC_REPRESENTATION_ITEM()
RATIONAL_B_SPLINE_CURVE((1.46775595856406,1.69481859556323,1.46775595856406))
REPRESENTATION_ITEM('')
);
#190=(
BOUNDED_CURVE()
B_SPLINE_CURVE(2,(#2508,#2509,#2510),.UNSPECIFIED.,.F.,.F.)
B_SPLINE_CURVE_WITH_KNOTS((3,3),(-0.32081274996242,-0.124161311417324),
 .UNSPECIFIED.)
CURVE()
GEOMETRIC_REPRESENTATION_ITEM()
RATIONAL_B_SPLINE_CURVE((1.46775595856406,1.69481859556323,1.46775595856406))
REPRESENTATION_ITEM('')
);
#191=(
BOUNDED_CURVE()
B_SPLINE_CURVE(2,(#2512,#2513,#2514),.UNSPECIFIED.,.F.,.F.)
B_SPLINE_CURVE_WITH_KNOTS((3,3),(-0.32081274996242,-0.124161311417326),
 .UNSPECIFIED.)
CURVE()
GEOMETRIC_REPRESENTATION_ITEM()
RATIONAL_B_SPLINE_CURVE((1.46775595856406,1.69481859556323,1.46775595856406))
REPRESENTATION_ITEM('')
);
#192=(
BOUNDED_CURVE()
B_SPLINE_CURVE(2,(#2516,#2517,#2518),.UNSPECIFIED.,.F.,.F.)
B_SPLINE_CURVE_WITH_KNOTS((3,3),(-0.320812749962419,-0.124161311417326),
 .UNSPECIFIED.)
CURVE()
GEOMETRIC_REPRESENTATION_ITEM()
RATIONAL_B_SPLINE_CURVE((1.46775595856406,1.69481859556323,1.46775595856406))
REPRESENTATION_ITEM('')
);
#193=LINE('',#935,#228);
#194=LINE('',#950,#229);
#195=LINE('',#988,#230);
#196=LINE('',#1026,#231);
#197=LINE('',#1064,#232);
#198=LINE('',#1102,#233);
#199=LINE('',#1140,#234);
#200=LINE('',#1178,#235);
#201=LINE('',#1216,#236);
#202=LINE('',#1283,#237);
#203=LINE('',#1359,#238);
#204=LINE('',#1435,#239);
#205=LINE('',#1511,#240);
#206=LINE('',#1587,#241);
#207=LINE('',#1669,#242);
#208=LINE('',#1676,#243);
#209=LINE('',#1743,#244);
#210=LINE('',#1863,#245);
#211=LINE('',#1864,#246);
#212=LINE('',#1867,#247);
#213=LINE('',#1868,#248);
#214=LINE('',#1871,#249);
#215=LINE('',#1872,#250);
#216=LINE('',#1875,#251);
#217=LINE('',#1876,#252);
#218=LINE('',#1879,#253);
#219=LINE('',#1880,#254);
#220=LINE('',#2521,#255);
#221=LINE('',#2522,#256);
#222=LINE('',#2524,#257);
#223=LINE('',#2525,#258);
#224=LINE('',#2527,#259);
#225=LINE('',#2529,#260);
#226=LINE('',#2531,#261);
#227=LINE('',#2533,#262);
#228=VECTOR('',#772,1.56724425180958);
#229=VECTOR('',#777,1.56724425180958);
#230=VECTOR('',#780,1.56724425180958);
#231=VECTOR('',#783,1.56724425180958);
#232=VECTOR('',#786,1.56724425180958);
#233=VECTOR('',#789,1.56724425180958);
#234=VECTOR('',#792,1.56724425180958);
#235=VECTOR('',#795,1.56724425180958);
#236=VECTOR('',#798,2.0828);
#237=VECTOR('',#803,2.0828);
#238=VECTOR('',#806,2.0828);
#239=VECTOR('',#809,2.0828);
#240=VECTOR('',#812,2.0828);
#241=VECTOR('',#815,2.0828);
#242=VECTOR('',#826,1.5);
#243=VECTOR('',#833,0.9921875);
#244=VECTOR('',#856,1.28905);
#245=VECTOR('',#865,1000.);
#246=VECTOR('',#866,1000.);
#247=VECTOR('',#869,1000.);
#248=VECTOR('',#870,1000.);
#249=VECTOR('',#873,1000.);
#250=VECTOR('',#874,1000.);
#251=VECTOR('',#877,1000.);
#252=VECTOR('',#878,1000.);
#253=VECTOR('',#881,1000.);
#254=VECTOR('',#882,1000.);
#255=VECTOR('',#911,1000.);
#256=VECTOR('',#912,1000.);
#257=VECTOR('',#915,1000.);
#258=VECTOR('',#916,1000.);
#259=VECTOR('',#919,1000.);
#260=VECTOR('',#922,1000.);
#261=VECTOR('',#925,1000.);
#262=VECTOR('',#928,1000.);
#263=VERTEX_POINT('',#933);
#264=VERTEX_POINT('',#934);
#265=VERTEX_POINT('',#936);
#266=VERTEX_POINT('',#942);
#267=VERTEX_POINT('',#948);
#268=VERTEX_POINT('',#949);
#269=VERTEX_POINT('',#986);
#270=VERTEX_POINT('',#987);
#271=VERTEX_POINT('',#1024);
#272=VERTEX_POINT('',#1025);
#273=VERTEX_POINT('',#1062);
#274=VERTEX_POINT('',#1063);
#275=VERTEX_POINT('',#1100);
#276=VERTEX_POINT('',#1101);
#277=VERTEX_POINT('',#1138);
#278=VERTEX_POINT('',#1139);
#279=VERTEX_POINT('',#1176);
#280=VERTEX_POINT('',#1177);
#281=VERTEX_POINT('',#1214);
#282=VERTEX_POINT('',#1215);
#283=VERTEX_POINT('',#1217);
#284=VERTEX_POINT('',#1250);
#285=VERTEX_POINT('',#1281);
#286=VERTEX_POINT('',#1282);
#287=VERTEX_POINT('',#1357);
#288=VERTEX_POINT('',#1358);
#289=VERTEX_POINT('',#1433);
#290=VERTEX_POINT('',#1434);
#291=VERTEX_POINT('',#1509);
#292=VERTEX_POINT('',#1510);
#293=VERTEX_POINT('',#1585);
#294=VERTEX_POINT('',#1586);
#295=VERTEX_POINT('',#1661);
#296=VERTEX_POINT('',#1662);
#297=VERTEX_POINT('',#1665);
#298=VERTEX_POINT('',#1668);
#299=VERTEX_POINT('',#1670);
#300=VERTEX_POINT('',#1674);
#301=VERTEX_POINT('',#1675);
#302=VERTEX_POINT('',#1677);
#303=VERTEX_POINT('',#1679);
#304=VERTEX_POINT('',#1681);
#305=VERTEX_POINT('',#1683);
#306=VERTEX_POINT('',#1685);
#307=VERTEX_POINT('',#1689);
#308=VERTEX_POINT('',#1690);
#309=VERTEX_POINT('',#1696);
#310=VERTEX_POINT('',#1697);
#311=VERTEX_POINT('',#1699);
#312=VERTEX_POINT('',#1714);
#313=VERTEX_POINT('',#1716);
#314=VERTEX_POINT('',#1824);
#315=VERTEX_POINT('',#1825);
#316=VERTEX_POINT('',#1862);
#317=VERTEX_POINT('',#1866);
#318=VERTEX_POINT('',#1870);
#319=VERTEX_POINT('',#1874);
#320=VERTEX_POINT('',#1878);
#321=VERTEX_POINT('',#1889);
#322=VERTEX_POINT('',#1891);
#323=VERTEX_POINT('',#1893);
#324=VERTEX_POINT('',#1895);
#325=VERTEX_POINT('',#2520);
#326=EDGE_CURVE('',#263,#264,#193,.T.);
#327=EDGE_CURVE('',#263,#265,#169,.T.);
#328=EDGE_CURVE('',#266,#265,#146,.T.);
#329=EDGE_CURVE('',#264,#266,#170,.T.);
#330=EDGE_CURVE('',#267,#268,#194,.T.);
#331=EDGE_CURVE('',#267,#263,#171,.T.);
#332=EDGE_CURVE('',#268,#264,#172,.T.);
#333=EDGE_CURVE('',#269,#270,#195,.T.);
#334=EDGE_CURVE('',#269,#267,#173,.T.);
#335=EDGE_CURVE('',#270,#268,#174,.T.);
#336=EDGE_CURVE('',#271,#272,#196,.T.);
#337=EDGE_CURVE('',#271,#269,#175,.T.);
#338=EDGE_CURVE('',#272,#270,#176,.T.);
#339=EDGE_CURVE('',#273,#274,#197,.T.);
#340=EDGE_CURVE('',#273,#271,#177,.T.);
#341=EDGE_CURVE('',#274,#272,#178,.T.);
#342=EDGE_CURVE('',#275,#276,#198,.T.);
#343=EDGE_CURVE('',#275,#273,#179,.T.);
#344=EDGE_CURVE('',#276,#274,#180,.T.);
#345=EDGE_CURVE('',#277,#278,#199,.T.);
#346=EDGE_CURVE('',#277,#275,#181,.T.);
#347=EDGE_CURVE('',#278,#276,#182,.T.);
#348=EDGE_CURVE('',#279,#280,#200,.T.);
#349=EDGE_CURVE('',#279,#277,#183,.T.);
#350=EDGE_CURVE('',#280,#278,#184,.T.);
#351=EDGE_CURVE('',#281,#282,#201,.T.);
#352=EDGE_CURVE('',#281,#283,#41,.T.);
#353=EDGE_CURVE('',#283,#284,#147,.T.);
#354=EDGE_CURVE('',#282,#284,#42,.F.);
#355=EDGE_CURVE('',#285,#286,#202,.T.);
#356=EDGE_CURVE('',#285,#281,#43,.T.);
#357=EDGE_CURVE('',#286,#282,#44,.F.);
#358=EDGE_CURVE('',#287,#288,#203,.T.);
#359=EDGE_CURVE('',#287,#285,#45,.T.);
#360=EDGE_CURVE('',#288,#286,#46,.F.);
#361=EDGE_CURVE('',#289,#290,#204,.T.);
#362=EDGE_CURVE('',#289,#287,#47,.T.);
#363=EDGE_CURVE('',#290,#288,#48,.F.);
#364=EDGE_CURVE('',#291,#292,#205,.T.);
#365=EDGE_CURVE('',#291,#289,#49,.T.);
#366=EDGE_CURVE('',#292,#290,#50,.F.);
#367=EDGE_CURVE('',#293,#294,#206,.T.);
#368=EDGE_CURVE('',#293,#291,#51,.T.);
#369=EDGE_CURVE('',#294,#292,#52,.F.);
#370=EDGE_CURVE('',#295,#296,#148,.T.);
#371=EDGE_CURVE('',#296,#295,#149,.T.);
#372=EDGE_CURVE('',#295,#297,#150,.T.);
#373=EDGE_CURVE('',#296,#298,#207,.T.);
#374=EDGE_CURVE('',#299,#298,#151,.T.);
#375=EDGE_CURVE('',#298,#299,#152,.T.);
#376=EDGE_CURVE('',#300,#301,#208,.T.);
#377=EDGE_CURVE('',#301,#302,#153,.T.);
#378=EDGE_CURVE('',#302,#303,#154,.T.);
#379=EDGE_CURVE('',#303,#304,#155,.T.);
#380=EDGE_CURVE('',#304,#305,#156,.T.);
#381=EDGE_CURVE('',#305,#306,#157,.T.);
#382=EDGE_CURVE('',#306,#301,#158,.T.);
#383=EDGE_CURVE('',#307,#308,#185,.F.);
#384=EDGE_CURVE('',#307,#308,#159,.T.);
#385=EDGE_CURVE('',#309,#310,#160,.T.);
#386=EDGE_CURVE('',#310,#311,#53,.T.);
#387=EDGE_CURVE('',#311,#312,#161,.T.);
#388=EDGE_CURVE('',#312,#313,#54,.T.);
#389=EDGE_CURVE('',#313,#299,#209,.T.);
#390=EDGE_CURVE('',#313,#309,#55,.T.);
#391=EDGE_CURVE('',#312,#294,#56,.F.);
#392=EDGE_CURVE('',#311,#293,#57,.T.);
#393=EDGE_CURVE('',#314,#315,#162,.T.);
#394=EDGE_CURVE('',#315,#284,#58,.T.);
#395=EDGE_CURVE('',#283,#314,#59,.T.);
#396=EDGE_CURVE('',#316,#301,#210,.T.);
#397=EDGE_CURVE('',#306,#316,#211,.T.);
#398=EDGE_CURVE('',#317,#306,#212,.T.);
#399=EDGE_CURVE('',#305,#317,#213,.T.);
#400=EDGE_CURVE('',#318,#305,#214,.T.);
#401=EDGE_CURVE('',#304,#318,#215,.T.);
#402=EDGE_CURVE('',#319,#304,#216,.T.);
#403=EDGE_CURVE('',#303,#319,#217,.T.);
#404=EDGE_CURVE('',#320,#303,#218,.T.);
#405=EDGE_CURVE('',#302,#320,#219,.T.);
#406=EDGE_CURVE('',#265,#315,#60,.T.);
#407=EDGE_CURVE('',#314,#266,#163,.T.);
#408=EDGE_CURVE('',#308,#321,#164,.T.);
#409=EDGE_CURVE('',#322,#307,#165,.T.);
#410=EDGE_CURVE('',#323,#322,#166,.T.);
#411=EDGE_CURVE('',#324,#323,#167,.T.);
#412=EDGE_CURVE('',#321,#324,#168,.T.);
#413=EDGE_CURVE('',#310,#280,#186,.T.);
#414=EDGE_CURVE('',#309,#279,#187,.T.);
#415=EDGE_CURVE('',#321,#324,#188,.T.);
#416=EDGE_CURVE('',#324,#323,#189,.T.);
#417=EDGE_CURVE('',#323,#322,#190,.T.);
#418=EDGE_CURVE('',#322,#307,#191,.T.);
#419=EDGE_CURVE('',#308,#321,#192,.T.);
#420=EDGE_CURVE('',#325,#302,#220,.T.);
#421=EDGE_CURVE('',#301,#325,#221,.T.);
#422=EDGE_CURVE('',#317,#321,#222,.T.);
#423=EDGE_CURVE('',#316,#324,#223,.T.);
#424=EDGE_CURVE('',#325,#323,#224,.T.);
#425=EDGE_CURVE('',#320,#322,#225,.T.);
#426=EDGE_CURVE('',#319,#307,#226,.T.);
#427=EDGE_CURVE('',#318,#308,#227,.T.);
#428=ORIENTED_EDGE('',*,*,#326,.F.);
#429=ORIENTED_EDGE('',*,*,#327,.T.);
#430=ORIENTED_EDGE('',*,*,#328,.F.);
#431=ORIENTED_EDGE('',*,*,#329,.F.);
#432=ORIENTED_EDGE('',*,*,#330,.F.);
#433=ORIENTED_EDGE('',*,*,#331,.T.);
#434=ORIENTED_EDGE('',*,*,#326,.T.);
#435=ORIENTED_EDGE('',*,*,#332,.F.);
#436=ORIENTED_EDGE('',*,*,#333,.F.);
#437=ORIENTED_EDGE('',*,*,#334,.T.);
#438=ORIENTED_EDGE('',*,*,#330,.T.);
#439=ORIENTED_EDGE('',*,*,#335,.F.);
#440=ORIENTED_EDGE('',*,*,#336,.F.);
#441=ORIENTED_EDGE('',*,*,#337,.T.);
#442=ORIENTED_EDGE('',*,*,#333,.T.);
#443=ORIENTED_EDGE('',*,*,#338,.F.);
#444=ORIENTED_EDGE('',*,*,#339,.F.);
#445=ORIENTED_EDGE('',*,*,#340,.T.);
#446=ORIENTED_EDGE('',*,*,#336,.T.);
#447=ORIENTED_EDGE('',*,*,#341,.F.);
#448=ORIENTED_EDGE('',*,*,#342,.F.);
#449=ORIENTED_EDGE('',*,*,#343,.T.);
#450=ORIENTED_EDGE('',*,*,#339,.T.);
#451=ORIENTED_EDGE('',*,*,#344,.F.);
#452=ORIENTED_EDGE('',*,*,#345,.F.);
#453=ORIENTED_EDGE('',*,*,#346,.T.);
#454=ORIENTED_EDGE('',*,*,#342,.T.);
#455=ORIENTED_EDGE('',*,*,#347,.F.);
#456=ORIENTED_EDGE('',*,*,#348,.F.);
#457=ORIENTED_EDGE('',*,*,#349,.T.);
#458=ORIENTED_EDGE('',*,*,#345,.T.);
#459=ORIENTED_EDGE('',*,*,#350,.F.);
#460=ORIENTED_EDGE('',*,*,#351,.F.);
#461=ORIENTED_EDGE('',*,*,#352,.T.);
#462=ORIENTED_EDGE('',*,*,#353,.T.);
#463=ORIENTED_EDGE('',*,*,#354,.F.);
#464=ORIENTED_EDGE('',*,*,#355,.F.);
#465=ORIENTED_EDGE('',*,*,#356,.T.);
#466=ORIENTED_EDGE('',*,*,#351,.T.);
#467=ORIENTED_EDGE('',*,*,#357,.F.);
#468=ORIENTED_EDGE('',*,*,#358,.F.);
#469=ORIENTED_EDGE('',*,*,#359,.T.);
#470=ORIENTED_EDGE('',*,*,#355,.T.);
#471=ORIENTED_EDGE('',*,*,#360,.F.);
#472=ORIENTED_EDGE('',*,*,#361,.F.);
#473=ORIENTED_EDGE('',*,*,#362,.T.);
#474=ORIENTED_EDGE('',*,*,#358,.T.);
#475=ORIENTED_EDGE('',*,*,#363,.F.);
#476=ORIENTED_EDGE('',*,*,#364,.F.);
#477=ORIENTED_EDGE('',*,*,#365,.T.);
#478=ORIENTED_EDGE('',*,*,#361,.T.);
#479=ORIENTED_EDGE('',*,*,#366,.F.);
#480=ORIENTED_EDGE('',*,*,#367,.F.);
#481=ORIENTED_EDGE('',*,*,#368,.T.);
#482=ORIENTED_EDGE('',*,*,#364,.T.);
#483=ORIENTED_EDGE('',*,*,#369,.F.);
#484=ORIENTED_EDGE('',*,*,#370,.T.);
#485=ORIENTED_EDGE('',*,*,#371,.T.);
#486=ORIENTED_EDGE('',*,*,#372,.T.);
#487=ORIENTED_EDGE('',*,*,#372,.F.);
#488=ORIENTED_EDGE('',*,*,#370,.F.);
#489=ORIENTED_EDGE('',*,*,#371,.F.);
#490=ORIENTED_EDGE('',*,*,#373,.T.);
#491=ORIENTED_EDGE('',*,*,#374,.F.);
#492=ORIENTED_EDGE('',*,*,#375,.F.);
#493=ORIENTED_EDGE('',*,*,#373,.F.);
#494=ORIENTED_EDGE('',*,*,#376,.T.);
#495=ORIENTED_EDGE('',*,*,#377,.T.);
#496=ORIENTED_EDGE('',*,*,#378,.T.);
#497=ORIENTED_EDGE('',*,*,#379,.T.);
#498=ORIENTED_EDGE('',*,*,#380,.T.);
#499=ORIENTED_EDGE('',*,*,#381,.T.);
#500=ORIENTED_EDGE('',*,*,#382,.T.);
#501=ORIENTED_EDGE('',*,*,#376,.F.);
#502=ORIENTED_EDGE('',*,*,#383,.F.);
#503=ORIENTED_EDGE('',*,*,#384,.T.);
#504=ORIENTED_EDGE('',*,*,#385,.T.);
#505=ORIENTED_EDGE('',*,*,#386,.T.);
#506=ORIENTED_EDGE('',*,*,#387,.T.);
#507=ORIENTED_EDGE('',*,*,#388,.T.);
#508=ORIENTED_EDGE('',*,*,#389,.T.);
#509=ORIENTED_EDGE('',*,*,#374,.T.);
#510=ORIENTED_EDGE('',*,*,#375,.T.);
#511=ORIENTED_EDGE('',*,*,#389,.F.);
#512=ORIENTED_EDGE('',*,*,#390,.T.);
#513=ORIENTED_EDGE('',*,*,#367,.T.);
#514=ORIENTED_EDGE('',*,*,#391,.F.);
#515=ORIENTED_EDGE('',*,*,#387,.F.);
#516=ORIENTED_EDGE('',*,*,#392,.T.);
#517=ORIENTED_EDGE('',*,*,#393,.T.);
#518=ORIENTED_EDGE('',*,*,#394,.T.);
#519=ORIENTED_EDGE('',*,*,#353,.F.);
#520=ORIENTED_EDGE('',*,*,#395,.T.);
#521=ORIENTED_EDGE('',*,*,#396,.T.);
#522=ORIENTED_EDGE('',*,*,#382,.F.);
#523=ORIENTED_EDGE('',*,*,#397,.T.);
#524=ORIENTED_EDGE('',*,*,#398,.T.);
#525=ORIENTED_EDGE('',*,*,#381,.F.);
#526=ORIENTED_EDGE('',*,*,#399,.T.);
#527=ORIENTED_EDGE('',*,*,#400,.T.);
#528=ORIENTED_EDGE('',*,*,#380,.F.);
#529=ORIENTED_EDGE('',*,*,#401,.T.);
#530=ORIENTED_EDGE('',*,*,#402,.T.);
#531=ORIENTED_EDGE('',*,*,#379,.F.);
#532=ORIENTED_EDGE('',*,*,#403,.T.);
#533=ORIENTED_EDGE('',*,*,#404,.T.);
#534=ORIENTED_EDGE('',*,*,#378,.F.);
#535=ORIENTED_EDGE('',*,*,#405,.T.);
#536=ORIENTED_EDGE('',*,*,#328,.T.);
#537=ORIENTED_EDGE('',*,*,#406,.T.);
#538=ORIENTED_EDGE('',*,*,#393,.F.);
#539=ORIENTED_EDGE('',*,*,#407,.T.);
#540=ORIENTED_EDGE('',*,*,#408,.F.);
#541=ORIENTED_EDGE('',*,*,#384,.F.);
#542=ORIENTED_EDGE('',*,*,#409,.F.);
#543=ORIENTED_EDGE('',*,*,#410,.F.);
#544=ORIENTED_EDGE('',*,*,#411,.F.);
#545=ORIENTED_EDGE('',*,*,#412,.F.);
#546=ORIENTED_EDGE('',*,*,#395,.F.);
#547=ORIENTED_EDGE('',*,*,#352,.F.);
#548=ORIENTED_EDGE('',*,*,#356,.F.);
#549=ORIENTED_EDGE('',*,*,#359,.F.);
#550=ORIENTED_EDGE('',*,*,#362,.F.);
#551=ORIENTED_EDGE('',*,*,#365,.F.);
#552=ORIENTED_EDGE('',*,*,#368,.F.);
#553=ORIENTED_EDGE('',*,*,#392,.F.);
#554=ORIENTED_EDGE('',*,*,#386,.F.);
#555=ORIENTED_EDGE('',*,*,#413,.T.);
#556=ORIENTED_EDGE('',*,*,#350,.T.);
#557=ORIENTED_EDGE('',*,*,#347,.T.);
#558=ORIENTED_EDGE('',*,*,#344,.T.);
#559=ORIENTED_EDGE('',*,*,#341,.T.);
#560=ORIENTED_EDGE('',*,*,#338,.T.);
#561=ORIENTED_EDGE('',*,*,#335,.T.);
#562=ORIENTED_EDGE('',*,*,#332,.T.);
#563=ORIENTED_EDGE('',*,*,#329,.T.);
#564=ORIENTED_EDGE('',*,*,#407,.F.);
#565=ORIENTED_EDGE('',*,*,#348,.T.);
#566=ORIENTED_EDGE('',*,*,#413,.F.);
#567=ORIENTED_EDGE('',*,*,#385,.F.);
#568=ORIENTED_EDGE('',*,*,#414,.T.);
#569=ORIENTED_EDGE('',*,*,#414,.F.);
#570=ORIENTED_EDGE('',*,*,#390,.F.);
#571=ORIENTED_EDGE('',*,*,#388,.F.);
#572=ORIENTED_EDGE('',*,*,#391,.T.);
#573=ORIENTED_EDGE('',*,*,#369,.T.);
#574=ORIENTED_EDGE('',*,*,#366,.T.);
#575=ORIENTED_EDGE('',*,*,#363,.T.);
#576=ORIENTED_EDGE('',*,*,#360,.T.);
#577=ORIENTED_EDGE('',*,*,#357,.T.);
#578=ORIENTED_EDGE('',*,*,#354,.T.);
#579=ORIENTED_EDGE('',*,*,#394,.F.);
#580=ORIENTED_EDGE('',*,*,#406,.F.);
#581=ORIENTED_EDGE('',*,*,#327,.F.);
#582=ORIENTED_EDGE('',*,*,#331,.F.);
#583=ORIENTED_EDGE('',*,*,#334,.F.);
#584=ORIENTED_EDGE('',*,*,#337,.F.);
#585=ORIENTED_EDGE('',*,*,#340,.F.);
#586=ORIENTED_EDGE('',*,*,#343,.F.);
#587=ORIENTED_EDGE('',*,*,#346,.F.);
#588=ORIENTED_EDGE('',*,*,#349,.F.);
#589=ORIENTED_EDGE('',*,*,#412,.T.);
#590=ORIENTED_EDGE('',*,*,#415,.F.);
#591=ORIENTED_EDGE('',*,*,#411,.T.);
#592=ORIENTED_EDGE('',*,*,#416,.F.);
#593=ORIENTED_EDGE('',*,*,#410,.T.);
#594=ORIENTED_EDGE('',*,*,#417,.F.);
#595=ORIENTED_EDGE('',*,*,#409,.T.);
#596=ORIENTED_EDGE('',*,*,#418,.F.);
#597=ORIENTED_EDGE('',*,*,#408,.T.);
#598=ORIENTED_EDGE('',*,*,#419,.F.);
#599=ORIENTED_EDGE('',*,*,#420,.T.);
#600=ORIENTED_EDGE('',*,*,#377,.F.);
#601=ORIENTED_EDGE('',*,*,#421,.T.);
#602=ORIENTED_EDGE('',*,*,#422,.T.);
#603=ORIENTED_EDGE('',*,*,#415,.T.);
#604=ORIENTED_EDGE('',*,*,#423,.F.);
#605=ORIENTED_EDGE('',*,*,#397,.F.);
#606=ORIENTED_EDGE('',*,*,#398,.F.);
#607=ORIENTED_EDGE('',*,*,#423,.T.);
#608=ORIENTED_EDGE('',*,*,#416,.T.);
#609=ORIENTED_EDGE('',*,*,#424,.F.);
#610=ORIENTED_EDGE('',*,*,#421,.F.);
#611=ORIENTED_EDGE('',*,*,#396,.F.);
#612=ORIENTED_EDGE('',*,*,#424,.T.);
#613=ORIENTED_EDGE('',*,*,#417,.T.);
#614=ORIENTED_EDGE('',*,*,#425,.F.);
#615=ORIENTED_EDGE('',*,*,#405,.F.);
#616=ORIENTED_EDGE('',*,*,#420,.F.);
#617=ORIENTED_EDGE('',*,*,#425,.T.);
#618=ORIENTED_EDGE('',*,*,#418,.T.);
#619=ORIENTED_EDGE('',*,*,#426,.F.);
#620=ORIENTED_EDGE('',*,*,#403,.F.);
#621=ORIENTED_EDGE('',*,*,#404,.F.);
#622=ORIENTED_EDGE('',*,*,#426,.T.);
#623=ORIENTED_EDGE('',*,*,#383,.T.);
#624=ORIENTED_EDGE('',*,*,#427,.F.);
#625=ORIENTED_EDGE('',*,*,#401,.F.);
#626=ORIENTED_EDGE('',*,*,#402,.F.);
#627=ORIENTED_EDGE('',*,*,#427,.T.);
#628=ORIENTED_EDGE('',*,*,#419,.T.);
#629=ORIENTED_EDGE('',*,*,#422,.F.);
#630=ORIENTED_EDGE('',*,*,#399,.F.);
#631=ORIENTED_EDGE('',*,*,#400,.F.);
#632=CYLINDRICAL_SURFACE('',#705,1.56724425180958);
#633=CYLINDRICAL_SURFACE('',#707,1.56724425180958);
#634=CYLINDRICAL_SURFACE('',#708,1.56724425180958);
#635=CYLINDRICAL_SURFACE('',#709,1.56724425180958);
#636=CYLINDRICAL_SURFACE('',#710,1.56724425180958);
#637=CYLINDRICAL_SURFACE('',#711,1.56724425180958);
#638=CYLINDRICAL_SURFACE('',#712,1.56724425180958);
#639=CYLINDRICAL_SURFACE('',#713,1.56724425180958);
#640=CYLINDRICAL_SURFACE('',#714,2.0828);
#641=CYLINDRICAL_SURFACE('',#716,2.0828);
#642=CYLINDRICAL_SURFACE('',#717,2.0828);
#643=CYLINDRICAL_SURFACE('',#718,2.0828);
#644=CYLINDRICAL_SURFACE('',#719,2.0828);
#645=CYLINDRICAL_SURFACE('',#720,2.0828);
#646=CYLINDRICAL_SURFACE('',#725,1.5);
#647=CYLINDRICAL_SURFACE('',#740,2.0828);
#648=CYLINDRICAL_SURFACE('',#755,1.56724425180958);
#649=ADVANCED_FACE('',(#61),#632,.T.);
#650=ADVANCED_FACE('',(#62),#633,.T.);
#651=ADVANCED_FACE('',(#63),#634,.T.);
#652=ADVANCED_FACE('',(#64),#635,.T.);
#653=ADVANCED_FACE('',(#65),#636,.T.);
#654=ADVANCED_FACE('',(#66),#637,.T.);
#655=ADVANCED_FACE('',(#67),#638,.T.);
#656=ADVANCED_FACE('',(#68),#639,.T.);
#657=ADVANCED_FACE('',(#69),#640,.T.);
#658=ADVANCED_FACE('',(#70),#641,.T.);
#659=ADVANCED_FACE('',(#71),#642,.T.);
#660=ADVANCED_FACE('',(#72),#643,.T.);
#661=ADVANCED_FACE('',(#73),#644,.T.);
#662=ADVANCED_FACE('',(#74),#645,.T.);
#663=ADVANCED_FACE('',(#75),#40,.T.);
#664=ADVANCED_FACE('',(#76),#646,.T.);
#665=ADVANCED_FACE('',(#77),#31,.F.);
#666=ADVANCED_FACE('',(#78),#32,.F.);
#667=ADVANCED_FACE('',(#79),#33,.T.);
#668=ADVANCED_FACE('',(#80),#647,.T.);
#669=ADVANCED_FACE('',(#81),#34,.T.);
#670=ADVANCED_FACE('',(#82),#18,.F.);
#671=ADVANCED_FACE('',(#83),#19,.F.);
#672=ADVANCED_FACE('',(#84),#20,.F.);
#673=ADVANCED_FACE('',(#85),#21,.F.);
#674=ADVANCED_FACE('',(#86),#22,.F.);
#675=ADVANCED_FACE('',(#87,#17),#23,.T.);
#676=ADVANCED_FACE('',(#88),#15,.T.);
#677=ADVANCED_FACE('',(#89),#648,.T.);
#678=ADVANCED_FACE('',(#90),#16,.T.);
#679=ADVANCED_FACE('',(#91),#35,.F.);
#680=ADVANCED_FACE('',(#92),#36,.F.);
#681=ADVANCED_FACE('',(#93),#37,.F.);
#682=ADVANCED_FACE('',(#94),#38,.F.);
#683=ADVANCED_FACE('',(#95),#39,.F.);
#684=ADVANCED_FACE('',(#96),#24,.F.);
#685=ADVANCED_FACE('',(#97),#25,.F.);
#686=ADVANCED_FACE('',(#98),#26,.F.);
#687=ADVANCED_FACE('',(#99),#27,.F.);
#688=ADVANCED_FACE('',(#100),#28,.F.);
#689=ADVANCED_FACE('',(#101),#29,.F.);
#690=ADVANCED_FACE('',(#102),#30,.F.);
#691=CLOSED_SHELL('',(#649,#650,#651,#652,#653,#654,#655,#656,#657,#658,
#659,#660,#661,#662,#663,#664,#665,#666,#667,#668,#669,#670,#671,#672,#673,
#674,#675,#676,#677,#678,#679,#680,#681,#682,#683,#684,#685,#686,#687,#688,
#689,#690));
#692=DERIVED_UNIT_ELEMENT(#694,1.);
#693=DERIVED_UNIT_ELEMENT(#2540,-3.);
#694=(
MASS_UNIT()
NAMED_UNIT(*)
SI_UNIT(.KILO.,.GRAM.)
);
#695=DERIVED_UNIT((#692,#693));
#696=MEASURE_REPRESENTATION_ITEM('density measure',
POSITIVE_RATIO_MEASURE(7850.),#695);
#697=PROPERTY_DEFINITION_REPRESENTATION(#702,#699);
#698=PROPERTY_DEFINITION_REPRESENTATION(#703,#700);
#699=REPRESENTATION('material name',(#701),#2537);
#700=REPRESENTATION('density',(#696),#2537);
#701=DESCRIPTIVE_REPRESENTATION_ITEM('Steel','Steel');
#702=PROPERTY_DEFINITION('material property','material name',#2547);
#703=PROPERTY_DEFINITION('material property','density of part',#2547);
#704=AXIS2_PLACEMENT_3D('',#931,#768,#769);
#705=AXIS2_PLACEMENT_3D('',#932,#770,#771);
#706=AXIS2_PLACEMENT_3D('',#943,#773,#774);
#707=AXIS2_PLACEMENT_3D('',#947,#775,#776);
#708=AXIS2_PLACEMENT_3D('',#985,#778,#779);
#709=AXIS2_PLACEMENT_3D('',#1023,#781,#782);
#710=AXIS2_PLACEMENT_3D('',#1061,#784,#785);
#711=AXIS2_PLACEMENT_3D('',#1099,#787,#788);
#712=AXIS2_PLACEMENT_3D('',#1137,#790,#791);
#713=AXIS2_PLACEMENT_3D('',#1175,#793,#794);
#714=AXIS2_PLACEMENT_3D('',#1213,#796,#797);
#715=AXIS2_PLACEMENT_3D('',#1251,#799,#800);
#716=AXIS2_PLACEMENT_3D('',#1280,#801,#802);
#717=AXIS2_PLACEMENT_3D('',#1356,#804,#805);
#718=AXIS2_PLACEMENT_3D('',#1432,#807,#808);
#719=AXIS2_PLACEMENT_3D('',#1508,#810,#811);
#720=AXIS2_PLACEMENT_3D('',#1584,#813,#814);
#721=AXIS2_PLACEMENT_3D('',#1660,#816,#817);
#722=AXIS2_PLACEMENT_3D('',#1663,#818,#819);
#723=AXIS2_PLACEMENT_3D('',#1664,#820,#821);
#724=AXIS2_PLACEMENT_3D('',#1666,#822,#823);
#725=AXIS2_PLACEMENT_3D('',#1667,#824,#825);
#726=AXIS2_PLACEMENT_3D('',#1671,#827,#828);
#727=AXIS2_PLACEMENT_3D('',#1672,#829,#830);
#728=AXIS2_PLACEMENT_3D('',#1673,#831,#832);
#729=AXIS2_PLACEMENT_3D('',#1678,#834,#835);
#730=AXIS2_PLACEMENT_3D('',#1680,#836,#837);
#731=AXIS2_PLACEMENT_3D('',#1682,#838,#839);
#732=AXIS2_PLACEMENT_3D('',#1684,#840,#841);
#733=AXIS2_PLACEMENT_3D('',#1686,#842,#843);
#734=AXIS2_PLACEMENT_3D('',#1687,#844,#845);
#735=AXIS2_PLACEMENT_3D('',#1688,#846,#847);
#736=AXIS2_PLACEMENT_3D('',#1694,#848,#849);
#737=AXIS2_PLACEMENT_3D('',#1695,#850,#851);
#738=AXIS2_PLACEMENT_3D('',#1698,#852,#853);
#739=AXIS2_PLACEMENT_3D('',#1715,#854,#855);
#740=AXIS2_PLACEMENT_3D('',#1762,#857,#858);
#741=AXIS2_PLACEMENT_3D('',#1823,#859,#860);
#742=AXIS2_PLACEMENT_3D('',#1826,#861,#862);
#743=AXIS2_PLACEMENT_3D('',#1861,#863,#864);
#744=AXIS2_PLACEMENT_3D('',#1865,#867,#868);
#745=AXIS2_PLACEMENT_3D('',#1869,#871,#872);
#746=AXIS2_PLACEMENT_3D('',#1873,#875,#876);
#747=AXIS2_PLACEMENT_3D('',#1877,#879,#880);
#748=AXIS2_PLACEMENT_3D('',#1881,#883,#884);
#749=AXIS2_PLACEMENT_3D('',#1888,#885,#886);
#750=AXIS2_PLACEMENT_3D('',#1890,#887,#888);
#751=AXIS2_PLACEMENT_3D('',#1892,#889,#890);
#752=AXIS2_PLACEMENT_3D('',#1894,#891,#892);
#753=AXIS2_PLACEMENT_3D('',#1896,#893,#894);
#754=AXIS2_PLACEMENT_3D('',#1897,#895,#896);
#755=AXIS2_PLACEMENT_3D('',#2199,#897,#898);
#756=AXIS2_PLACEMENT_3D('',#2499,#899,#900);
#757=AXIS2_PLACEMENT_3D('',#2503,#901,#902);
#758=AXIS2_PLACEMENT_3D('',#2507,#903,#904);
#759=AXIS2_PLACEMENT_3D('',#2511,#905,#906);
#760=AXIS2_PLACEMENT_3D('',#2515,#907,#908);
#761=AXIS2_PLACEMENT_3D('',#2519,#909,#910);
#762=AXIS2_PLACEMENT_3D('',#2523,#913,#914);
#763=AXIS2_PLACEMENT_3D('',#2526,#917,#918);
#764=AXIS2_PLACEMENT_3D('',#2528,#920,#921);
#765=AXIS2_PLACEMENT_3D('',#2530,#923,#924);
#766=AXIS2_PLACEMENT_3D('',#2532,#926,#927);
#767=AXIS2_PLACEMENT_3D('',#2534,#929,#930);
#768=DIRECTION('axis',(0.,0.,1.));
#769=DIRECTION('refdir',(1.,0.,0.));
#770=DIRECTION('center_axis',(-2.79741243971863E-15,-1.454049161361E-15,
-1.));
#771=DIRECTION('ref_axis',(0.999999999999998,-6.47890481019787E-8,-2.83356732262572E-15));
#772=DIRECTION('',(2.79741243971863E-15,1.454049161361E-15,1.));
#773=DIRECTION('center_axis',(-6.19739429869687E-15,-1.25432325010738E-14,
1.));
#774=DIRECTION('ref_axis',(3.54961005536913E-9,-1.,-1.23968570364876E-14));
#775=DIRECTION('center_axis',(-2.79741243971863E-15,-1.454049161361E-15,
-1.));
#776=DIRECTION('ref_axis',(0.999999999999998,-6.47890481019787E-8,-2.83356732262572E-15));
#777=DIRECTION('',(2.79741243971863E-15,1.454049161361E-15,1.));
#778=DIRECTION('center_axis',(-2.79741243971863E-15,-1.454049161361E-15,
-1.));
#779=DIRECTION('ref_axis',(0.999999999999998,-6.47890481019787E-8,-2.83356732262572E-15));
#780=DIRECTION('',(2.79741243971863E-15,1.454049161361E-15,1.));
#781=DIRECTION('center_axis',(-2.79741243971863E-15,-1.454049161361E-15,
-1.));
#782=DIRECTION('ref_axis',(0.999999999999998,-6.47890481019787E-8,-2.83356732262572E-15));
#783=DIRECTION('',(2.79741243971863E-15,1.454049161361E-15,1.));
#784=DIRECTION('center_axis',(-2.79741243971863E-15,-1.454049161361E-15,
-1.));
#785=DIRECTION('ref_axis',(0.999999999999998,-6.47890481019787E-8,-2.83356732262572E-15));
#786=DIRECTION('',(2.79741243971863E-15,1.454049161361E-15,1.));
#787=DIRECTION('center_axis',(-2.79741243971863E-15,-1.454049161361E-15,
-1.));
#788=DIRECTION('ref_axis',(0.999999999999998,-6.47890481019787E-8,-2.83356732262572E-15));
#789=DIRECTION('',(2.79741243971863E-15,1.454049161361E-15,1.));
#790=DIRECTION('center_axis',(-2.79741243971863E-15,-1.454049161361E-15,
-1.));
#791=DIRECTION('ref_axis',(0.999999999999998,-6.47890481019787E-8,-2.83356732262572E-15));
#792=DIRECTION('',(2.79741243971863E-15,1.454049161361E-15,1.));
#793=DIRECTION('center_axis',(-2.79741243971863E-15,-1.454049161361E-15,
-1.));
#794=DIRECTION('ref_axis',(0.999999999999998,-6.47890481019787E-8,-2.83356732262572E-15));
#795=DIRECTION('',(2.79741243971863E-15,1.454049161361E-15,1.));
#796=DIRECTION('center_axis',(0.,0.,-1.));
#797=DIRECTION('ref_axis',(-1.,0.,0.));
#798=DIRECTION('',(0.,0.,1.));
#799=DIRECTION('center_axis',(0.,0.,-1.));
#800=DIRECTION('ref_axis',(-1.,0.,0.));
#801=DIRECTION('center_axis',(0.,0.,-1.));
#802=DIRECTION('ref_axis',(-1.,0.,0.));
#803=DIRECTION('',(0.,0.,1.));
#804=DIRECTION('center_axis',(0.,0.,-1.));
#805=DIRECTION('ref_axis',(-1.,0.,0.));
#806=DIRECTION('',(0.,0.,1.));
#807=DIRECTION('center_axis',(0.,0.,-1.));
#808=DIRECTION('ref_axis',(-1.,0.,0.));
#809=DIRECTION('',(0.,0.,1.));
#810=DIRECTION('center_axis',(0.,0.,-1.));
#811=DIRECTION('ref_axis',(-1.,0.,0.));
#812=DIRECTION('',(0.,0.,1.));
#813=DIRECTION('center_axis',(0.,0.,-1.));
#814=DIRECTION('ref_axis',(-1.,0.,0.));
#815=DIRECTION('',(0.,0.,1.));
#816=DIRECTION('center_axis',(6.12323399573676E-17,0.,1.));
#817=DIRECTION('ref_axis',(1.,0.,0.));
#818=DIRECTION('center_axis',(0.,5.74745285129921E-63,-1.));
#819=DIRECTION('ref_axis',(1.,0.,0.));
#820=DIRECTION('center_axis',(0.,5.74745285129921E-63,-1.));
#821=DIRECTION('ref_axis',(1.,0.,0.));
#822=DIRECTION('center_axis',(1.22464679914735E-16,-1.,0.));
#823=DIRECTION('ref_axis',(-1.,-1.22464679914735E-16,0.));
#824=DIRECTION('center_axis',(0.,5.74745285129921E-63,-1.));
#825=DIRECTION('ref_axis',(0.,1.,0.));
#826=DIRECTION('',(0.,-5.74745285129921E-63,1.));
#827=DIRECTION('center_axis',(0.,-5.74745285129921E-63,1.));
#828=DIRECTION('ref_axis',(0.,1.,0.));
#829=DIRECTION('center_axis',(0.,-5.74745285129921E-63,1.));
#830=DIRECTION('ref_axis',(0.,1.,0.));
#831=DIRECTION('center_axis',(0.,0.,1.));
#832=DIRECTION('ref_axis',(1.,0.,0.));
#833=DIRECTION('',(-0.86602540378444,-1.06057523872491E-16,0.499999999999998));
#834=DIRECTION('center_axis',(0.,0.,1.));
#835=DIRECTION('ref_axis',(1.,0.,0.));
#836=DIRECTION('center_axis',(0.,0.,1.));
#837=DIRECTION('ref_axis',(1.,0.,0.));
#838=DIRECTION('center_axis',(0.,0.,1.));
#839=DIRECTION('ref_axis',(1.,0.,0.));
#840=DIRECTION('center_axis',(0.,0.,1.));
#841=DIRECTION('ref_axis',(1.,0.,0.));
#842=DIRECTION('center_axis',(0.,0.,1.));
#843=DIRECTION('ref_axis',(1.,0.,0.));
#844=DIRECTION('center_axis',(0.,0.,1.));
#845=DIRECTION('ref_axis',(1.,0.,0.));
#846=DIRECTION('center_axis',(0.,0.,1.));
#847=DIRECTION('ref_axis',(1.,0.,0.));
#848=DIRECTION('center_axis',(0.,0.,1.));
#849=DIRECTION('ref_axis',(1.,0.,0.));
#850=DIRECTION('center_axis',(0.,0.,1.));
#851=DIRECTION('ref_axis',(1.,0.,0.));
#852=DIRECTION('center_axis',(3.27877719554176E-15,1.66703464123056E-15,
-1.));
#853=DIRECTION('ref_axis',(1.,-1.89683913510835E-11,3.18776323795396E-15));
#854=DIRECTION('center_axis',(0.,0.,-1.));
#855=DIRECTION('ref_axis',(-1.,0.,0.));
#856=DIRECTION('',(0.707106781186551,8.65956056235498E-17,-0.707106781186544));
#857=DIRECTION('center_axis',(0.,0.,-1.));
#858=DIRECTION('ref_axis',(-1.,0.,0.));
#859=DIRECTION('center_axis',(0.,0.,-1.));
#860=DIRECTION('ref_axis',(0.559229597531456,0.829012820917027,0.));
#861=DIRECTION('center_axis',(0.,0.,-1.));
#862=DIRECTION('ref_axis',(-1.,0.,0.));
#863=DIRECTION('center_axis',(0.,0.,-1.));
#864=DIRECTION('ref_axis',(-1.,0.,0.));
#865=DIRECTION('',(1.89267980943264E-16,-1.,0.));
#866=DIRECTION('',(-0.866025403784439,-0.5,0.));
#867=DIRECTION('center_axis',(0.,0.,-1.));
#868=DIRECTION('ref_axis',(-1.,0.,0.));
#869=DIRECTION('',(-0.866025403784439,-0.5,0.));
#870=DIRECTION('',(-0.866025403784439,0.5,0.));
#871=DIRECTION('center_axis',(0.,0.,-1.));
#872=DIRECTION('ref_axis',(-1.,0.,0.));
#873=DIRECTION('',(-0.866025403784439,0.5,0.));
#874=DIRECTION('',(0.,1.,0.));
#875=DIRECTION('center_axis',(0.,0.,-1.));
#876=DIRECTION('ref_axis',(-1.,0.,0.));
#877=DIRECTION('',(0.,1.,0.));
#878=DIRECTION('',(0.866025403784439,0.5,0.));
#879=DIRECTION('center_axis',(0.,0.,-1.));
#880=DIRECTION('ref_axis',(-1.,0.,0.));
#881=DIRECTION('',(0.866025403784439,0.5,0.));
#882=DIRECTION('',(0.866025403784438,-0.5,0.));
#883=DIRECTION('center_axis',(0.,0.,1.));
#884=DIRECTION('ref_axis',(1.,0.,0.));
#885=DIRECTION('center_axis',(-1.98129175452475E-14,-1.84179388215517E-14,
1.));
#886=DIRECTION('ref_axis',(-0.608138611472016,-0.793830856818308,-2.6768071447278E-14));
#887=DIRECTION('center_axis',(0.,0.,1.));
#888=DIRECTION('ref_axis',(1.,0.,0.));
#889=DIRECTION('center_axis',(0.,0.,1.));
#890=DIRECTION('ref_axis',(1.,0.,0.));
#891=DIRECTION('center_axis',(0.,0.,1.));
#892=DIRECTION('ref_axis',(1.,0.,0.));
#893=DIRECTION('center_axis',(0.,0.,1.));
#894=DIRECTION('ref_axis',(1.,0.,0.));
#895=DIRECTION('center_axis',(0.,0.,1.));
#896=DIRECTION('ref_axis',(1.,0.,0.));
#897=DIRECTION('center_axis',(-2.79741243971863E-15,-1.454049161361E-15,
-1.));
#898=DIRECTION('ref_axis',(0.999999999999998,-6.47890481019787E-8,-2.83356732262572E-15));
#899=DIRECTION('center_axis',(0.,0.,1.));
#900=DIRECTION('ref_axis',(1.,0.,0.));
#901=DIRECTION('center_axis',(0.,0.,1.));
#902=DIRECTION('ref_axis',(-1.,-5.20660583828602E-15,0.));
#903=DIRECTION('center_axis',(0.,0.,1.));
#904=DIRECTION('ref_axis',(1.,0.,0.));
#905=DIRECTION('center_axis',(0.,0.,1.));
#906=DIRECTION('ref_axis',(1.,0.,0.));
#907=DIRECTION('center_axis',(0.,0.,1.));
#908=DIRECTION('ref_axis',(1.,0.,0.));
#909=DIRECTION('center_axis',(0.,0.,-1.));
#910=DIRECTION('ref_axis',(-1.,0.,0.));
#911=DIRECTION('',(0.866025403784438,-0.5,0.));
#912=DIRECTION('',(1.89267980943264E-16,-1.,0.));
#913=DIRECTION('center_axis',(-0.5,0.866025403784439,0.));
#914=DIRECTION('ref_axis',(-0.866025403784439,-0.5,0.));
#915=DIRECTION('',(0.,0.,1.));
#916=DIRECTION('',(0.,0.,1.));
#917=DIRECTION('center_axis',(-1.,-1.89267980943264E-16,0.));
#918=DIRECTION('ref_axis',(1.89267980943264E-16,-1.,0.));
#919=DIRECTION('',(0.,0.,1.));
#920=DIRECTION('center_axis',(-0.5,-0.866025403784439,0.));
#921=DIRECTION('ref_axis',(0.866025403784439,-0.5,0.));
#922=DIRECTION('',(0.,0.,1.));
#923=DIRECTION('center_axis',(0.5,-0.866025403784439,0.));
#924=DIRECTION('ref_axis',(0.866025403784439,0.5,0.));
#925=DIRECTION('',(0.,0.,1.));
#926=DIRECTION('center_axis',(1.,0.,0.));
#927=DIRECTION('ref_axis',(0.,0.,-1.));
#928=DIRECTION('',(0.,0.,1.));
#929=DIRECTION('center_axis',(0.5,0.866025403784439,0.));
#930=DIRECTION('ref_axis',(-0.866025403784439,0.5,0.));
#931=CARTESIAN_POINT('',(0.,0.,0.));
#932=CARTESIAN_POINT('Origin',(-1.27675647831893E-14,-1.14969959070198E-15,
-3.72070313318475));
#933=CARTESIAN_POINT('',(-1.56724425180957,1.01540266723748E-7,2.97656249181524));
#934=CARTESIAN_POINT('',(-1.56724425180957,1.01540266795882E-7,3.07578124181524));
#935=CARTESIAN_POINT('',(-1.56724425180959,1.01540262260273E-7,-3.72070313318475));
#936=CARTESIAN_POINT('',(5.56310748199935E-9,-1.56724425180957,3.175));
#937=CARTESIAN_POINT('Ctrl Pts',(-1.56724425180957,1.01540261449069E-7,
2.97656249181524));
#938=CARTESIAN_POINT('Ctrl Pts',(-1.56724429386892,-0.649173723110535,3.02617186681524));
#939=CARTESIAN_POINT('Ctrl Pts',(-1.10820911002999,-1.10820896643037,3.07578124181524));
#940=CARTESIAN_POINT('Ctrl Pts',(-0.649173926191061,-1.56724420975021,3.12539061681524));
#941=CARTESIAN_POINT('Ctrl Pts',(5.56310748199935E-9,-1.56724425180957,
3.175));
#942=CARTESIAN_POINT('',(-1.10820903429649,-1.10820904216388,3.175));
#943=CARTESIAN_POINT('Origin',(1.52655665885959E-15,6.93889390390723E-16,
3.17500000000002));
#944=CARTESIAN_POINT('Ctrl Pts',(-1.56724425180957,1.01540261449069E-7,
3.07578124181524));
#945=CARTESIAN_POINT('Ctrl Pts',(-1.56724429386892,-0.649173723110535,3.12539061681524));
#946=CARTESIAN_POINT('Ctrl Pts',(-1.10820903429649,-1.10820904216388,3.175));
#947=CARTESIAN_POINT('Origin',(-1.27675647831893E-14,-1.14969959070198E-15,
-3.72070313318475));
#948=CARTESIAN_POINT('',(-1.56724425180957,1.01540266146672E-7,2.18281249181524));
#949=CARTESIAN_POINT('',(-1.56724425180957,1.01540266218806E-7,2.28203124181524));
#950=CARTESIAN_POINT('',(-1.56724425180959,1.01540262260273E-7,-3.72070313318475));
#951=CARTESIAN_POINT('Ctrl Pts',(-1.56724425180957,1.01540261449069E-7,
2.18281249181524));
#952=CARTESIAN_POINT('Ctrl Pts',(-1.56724429386892,-0.649173723110535,2.23242186681524));
#953=CARTESIAN_POINT('Ctrl Pts',(-1.10820911002999,-1.10820896643037,2.28203124181524));
#954=CARTESIAN_POINT('Ctrl Pts',(-0.649173926191061,-1.56724420975021,2.33164061681524));
#955=CARTESIAN_POINT('Ctrl Pts',(-1.01540263100337E-7,-1.56724425180957,
2.38124999181524));
#956=CARTESIAN_POINT('Ctrl Pts',(0.649173723110534,-1.56724429386892,2.43085936681524));
#957=CARTESIAN_POINT('Ctrl Pts',(1.10820896643037,-1.10820911002999,2.48046874181524));
#958=CARTESIAN_POINT('Ctrl Pts',(1.56724420975021,-0.649173926191062,2.53007811681524));
#959=CARTESIAN_POINT('Ctrl Pts',(1.56724425180957,-1.0154026436774E-7,2.57968749181524));
#960=CARTESIAN_POINT('Ctrl Pts',(1.56724429386892,0.649173723110533,2.62929686681524));
#961=CARTESIAN_POINT('Ctrl Pts',(1.10820911002999,1.10820896643037,2.67890624181524));
#962=CARTESIAN_POINT('Ctrl Pts',(0.64917392619106,1.56724420975021,2.72851561681524));
#963=CARTESIAN_POINT('Ctrl Pts',(1.01540262908405E-7,1.56724425180957,2.77812499181524));
#964=CARTESIAN_POINT('Ctrl Pts',(-0.649173723110534,1.56724429386892,2.82773436681524));
#965=CARTESIAN_POINT('Ctrl Pts',(-1.10820896643037,1.10820911002999,2.87734374181524));
#966=CARTESIAN_POINT('Ctrl Pts',(-1.56724420975021,0.649173926191058,2.92695311681524));
#967=CARTESIAN_POINT('Ctrl Pts',(-1.56724425180957,1.01540261449069E-7,
2.97656249181524));
#968=CARTESIAN_POINT('Ctrl Pts',(-1.56724425180957,1.01540261449069E-7,
2.28203124181524));
#969=CARTESIAN_POINT('Ctrl Pts',(-1.56724429386892,-0.649173723110535,2.33164061681524));
#970=CARTESIAN_POINT('Ctrl Pts',(-1.10820911002999,-1.10820896643037,2.38124999181524));
#971=CARTESIAN_POINT('Ctrl Pts',(-0.649173926191061,-1.56724420975021,2.43085936681524));
#972=CARTESIAN_POINT('Ctrl Pts',(-1.01540263100337E-7,-1.56724425180957,
2.48046874181524));
#973=CARTESIAN_POINT('Ctrl Pts',(0.649173723110534,-1.56724429386892,2.53007811681524));
#974=CARTESIAN_POINT('Ctrl Pts',(1.10820896643037,-1.10820911002999,2.57968749181524));
#975=CARTESIAN_POINT('Ctrl Pts',(1.56724420975021,-0.649173926191062,2.62929686681524));
#976=CARTESIAN_POINT('Ctrl Pts',(1.56724425180957,-1.0154026436774E-7,2.67890624181524));
#977=CARTESIAN_POINT('Ctrl Pts',(1.56724429386892,0.649173723110533,2.72851561681524));
#978=CARTESIAN_POINT('Ctrl Pts',(1.10820911002999,1.10820896643037,2.77812499181524));
#979=CARTESIAN_POINT('Ctrl Pts',(0.64917392619106,1.56724420975021,2.82773436681524));
#980=CARTESIAN_POINT('Ctrl Pts',(1.01540262908405E-7,1.56724425180957,2.87734374181524));
#981=CARTESIAN_POINT('Ctrl Pts',(-0.649173723110534,1.56724429386892,2.92695311681524));
#982=CARTESIAN_POINT('Ctrl Pts',(-1.10820896643037,1.10820911002999,2.97656249181524));
#983=CARTESIAN_POINT('Ctrl Pts',(-1.56724420975021,0.649173926191058,3.02617186681524));
#984=CARTESIAN_POINT('Ctrl Pts',(-1.56724425180957,1.01540261449069E-7,
3.07578124181524));
#985=CARTESIAN_POINT('Origin',(-1.27675647831893E-14,-1.14969959070198E-15,
-3.72070313318475));
#986=CARTESIAN_POINT('',(-1.56724425180957,1.01540265569596E-7,1.38906249181524));
#987=CARTESIAN_POINT('',(-1.56724425180957,1.01540265641731E-7,1.48828124181524));
#988=CARTESIAN_POINT('',(-1.56724425180959,1.01540262260273E-7,-3.72070313318475));
#989=CARTESIAN_POINT('Ctrl Pts',(-1.56724425180957,1.01540261449069E-7,
1.38906249181524));
#990=CARTESIAN_POINT('Ctrl Pts',(-1.56724429386892,-0.649173723110535,1.43867186681524));
#991=CARTESIAN_POINT('Ctrl Pts',(-1.10820911002999,-1.10820896643037,1.48828124181524));
#992=CARTESIAN_POINT('Ctrl Pts',(-0.649173926191061,-1.56724420975021,1.53789061681524));
#993=CARTESIAN_POINT('Ctrl Pts',(-1.01540263100337E-7,-1.56724425180957,
1.58749999181524));
#994=CARTESIAN_POINT('Ctrl Pts',(0.649173723110534,-1.56724429386892,1.63710936681524));
#995=CARTESIAN_POINT('Ctrl Pts',(1.10820896643037,-1.10820911002999,1.68671874181524));
#996=CARTESIAN_POINT('Ctrl Pts',(1.56724420975021,-0.649173926191062,1.73632811681524));
#997=CARTESIAN_POINT('Ctrl Pts',(1.56724425180957,-1.0154026436774E-7,1.78593749181524));
#998=CARTESIAN_POINT('Ctrl Pts',(1.56724429386892,0.649173723110533,1.83554686681524));
#999=CARTESIAN_POINT('Ctrl Pts',(1.10820911002999,1.10820896643037,1.88515624181524));
#1000=CARTESIAN_POINT('Ctrl Pts',(0.64917392619106,1.56724420975021,1.93476561681524));
#1001=CARTESIAN_POINT('Ctrl Pts',(1.01540262908405E-7,1.56724425180957,
1.98437499181524));
#1002=CARTESIAN_POINT('Ctrl Pts',(-0.649173723110534,1.56724429386892,2.03398436681524));
#1003=CARTESIAN_POINT('Ctrl Pts',(-1.10820896643037,1.10820911002999,2.08359374181524));
#1004=CARTESIAN_POINT('Ctrl Pts',(-1.56724420975021,0.649173926191058,2.13320311681524));
#1005=CARTESIAN_POINT('Ctrl Pts',(-1.56724425180957,1.01540261449069E-7,
2.18281249181524));
#1006=CARTESIAN_POINT('Ctrl Pts',(-1.56724425180957,1.01540261449069E-7,
1.48828124181524));
#1007=CARTESIAN_POINT('Ctrl Pts',(-1.56724429386892,-0.649173723110535,
1.53789061681524));
#1008=CARTESIAN_POINT('Ctrl Pts',(-1.10820911002999,-1.10820896643037,1.58749999181524));
#1009=CARTESIAN_POINT('Ctrl Pts',(-0.649173926191061,-1.56724420975021,
1.63710936681524));
#1010=CARTESIAN_POINT('Ctrl Pts',(-1.01540263100337E-7,-1.56724425180957,
1.68671874181524));
#1011=CARTESIAN_POINT('Ctrl Pts',(0.649173723110534,-1.56724429386892,1.73632811681524));
#1012=CARTESIAN_POINT('Ctrl Pts',(1.10820896643037,-1.10820911002999,1.78593749181524));
#1013=CARTESIAN_POINT('Ctrl Pts',(1.56724420975021,-0.649173926191062,1.83554686681524));
#1014=CARTESIAN_POINT('Ctrl Pts',(1.56724425180957,-1.0154026436774E-7,
1.88515624181524));
#1015=CARTESIAN_POINT('Ctrl Pts',(1.56724429386892,0.649173723110533,1.93476561681524));
#1016=CARTESIAN_POINT('Ctrl Pts',(1.10820911002999,1.10820896643037,1.98437499181524));
#1017=CARTESIAN_POINT('Ctrl Pts',(0.64917392619106,1.56724420975021,2.03398436681524));
#1018=CARTESIAN_POINT('Ctrl Pts',(1.01540262908405E-7,1.56724425180957,
2.08359374181524));
#1019=CARTESIAN_POINT('Ctrl Pts',(-0.649173723110534,1.56724429386892,2.13320311681524));
#1020=CARTESIAN_POINT('Ctrl Pts',(-1.10820896643037,1.10820911002999,2.18281249181524));
#1021=CARTESIAN_POINT('Ctrl Pts',(-1.56724420975021,0.649173926191058,2.23242186681524));
#1022=CARTESIAN_POINT('Ctrl Pts',(-1.56724425180957,1.01540261449069E-7,
2.28203124181524));
#1023=CARTESIAN_POINT('Origin',(-1.27675647831893E-14,-1.14969959070198E-15,
-3.72070313318475));
#1024=CARTESIAN_POINT('',(-1.56724425180957,1.0154026499252E-7,0.595312491815241));
#1025=CARTESIAN_POINT('',(-1.56724425180957,1.01540265064655E-7,0.694531241815242));
#1026=CARTESIAN_POINT('',(-1.56724425180959,1.01540262260273E-7,-3.72070313318475));
#1027=CARTESIAN_POINT('Ctrl Pts',(-1.56724425180957,1.01540261449069E-7,
0.595312491815241));
#1028=CARTESIAN_POINT('Ctrl Pts',(-1.56724429386892,-0.649173723110535,
0.644921866815241));
#1029=CARTESIAN_POINT('Ctrl Pts',(-1.10820911002999,-1.10820896643037,0.694531241815242));
#1030=CARTESIAN_POINT('Ctrl Pts',(-0.649173926191061,-1.56724420975021,
0.744140616815241));
#1031=CARTESIAN_POINT('Ctrl Pts',(-1.01540263100337E-7,-1.56724425180957,
0.793749991815241));
#1032=CARTESIAN_POINT('Ctrl Pts',(0.649173723110534,-1.56724429386892,0.843359366815242));
#1033=CARTESIAN_POINT('Ctrl Pts',(1.10820896643037,-1.10820911002999,0.892968741815241));
#1034=CARTESIAN_POINT('Ctrl Pts',(1.56724420975021,-0.649173926191062,0.942578116815241));
#1035=CARTESIAN_POINT('Ctrl Pts',(1.56724425180957,-1.0154026436774E-7,
0.992187491815241));
#1036=CARTESIAN_POINT('Ctrl Pts',(1.56724429386892,0.649173723110533,1.04179686681524));
#1037=CARTESIAN_POINT('Ctrl Pts',(1.10820911002999,1.10820896643037,1.09140624181524));
#1038=CARTESIAN_POINT('Ctrl Pts',(0.64917392619106,1.56724420975021,1.14101561681524));
#1039=CARTESIAN_POINT('Ctrl Pts',(1.01540262908405E-7,1.56724425180957,
1.19062499181524));
#1040=CARTESIAN_POINT('Ctrl Pts',(-0.649173723110534,1.56724429386892,1.24023436681524));
#1041=CARTESIAN_POINT('Ctrl Pts',(-1.10820896643037,1.10820911002999,1.28984374181524));
#1042=CARTESIAN_POINT('Ctrl Pts',(-1.56724420975021,0.649173926191058,1.33945311681524));
#1043=CARTESIAN_POINT('Ctrl Pts',(-1.56724425180957,1.01540261449069E-7,
1.38906249181524));
#1044=CARTESIAN_POINT('Ctrl Pts',(-1.56724425180957,1.01540261449069E-7,
0.694531241815242));
#1045=CARTESIAN_POINT('Ctrl Pts',(-1.56724429386892,-0.649173723110535,
0.744140616815242));
#1046=CARTESIAN_POINT('Ctrl Pts',(-1.10820911002999,-1.10820896643037,0.793749991815243));
#1047=CARTESIAN_POINT('Ctrl Pts',(-0.649173926191061,-1.56724420975021,
0.843359366815242));
#1048=CARTESIAN_POINT('Ctrl Pts',(-1.01540263100337E-7,-1.56724425180957,
0.892968741815242));
#1049=CARTESIAN_POINT('Ctrl Pts',(0.649173723110534,-1.56724429386892,0.942578116815243));
#1050=CARTESIAN_POINT('Ctrl Pts',(1.10820896643037,-1.10820911002999,0.992187491815243));
#1051=CARTESIAN_POINT('Ctrl Pts',(1.56724420975021,-0.649173926191062,1.04179686681524));
#1052=CARTESIAN_POINT('Ctrl Pts',(1.56724425180957,-1.0154026436774E-7,
1.09140624181524));
#1053=CARTESIAN_POINT('Ctrl Pts',(1.56724429386892,0.649173723110533,1.14101561681524));
#1054=CARTESIAN_POINT('Ctrl Pts',(1.10820911002999,1.10820896643037,1.19062499181524));
#1055=CARTESIAN_POINT('Ctrl Pts',(0.64917392619106,1.56724420975021,1.24023436681524));
#1056=CARTESIAN_POINT('Ctrl Pts',(1.01540262908405E-7,1.56724425180957,
1.28984374181524));
#1057=CARTESIAN_POINT('Ctrl Pts',(-0.649173723110534,1.56724429386892,1.33945311681524));
#1058=CARTESIAN_POINT('Ctrl Pts',(-1.10820896643037,1.10820911002999,1.38906249181524));
#1059=CARTESIAN_POINT('Ctrl Pts',(-1.56724420975021,0.649173926191058,1.43867186681524));
#1060=CARTESIAN_POINT('Ctrl Pts',(-1.56724425180957,1.01540261449069E-7,
1.48828124181524));
#1061=CARTESIAN_POINT('Origin',(-1.27675647831893E-14,-1.14969959070198E-15,
-3.72070313318475));
#1062=CARTESIAN_POINT('',(-1.56724425180957,1.01540264415444E-7,-0.198437508184759));
#1063=CARTESIAN_POINT('',(-1.56724425180957,1.01540264487579E-7,-0.0992187581847575));
#1064=CARTESIAN_POINT('',(-1.56724425180959,1.01540262260273E-7,-3.72070313318475));
#1065=CARTESIAN_POINT('Ctrl Pts',(-1.56724425180957,1.01540261449069E-7,
-0.198437508184759));
#1066=CARTESIAN_POINT('Ctrl Pts',(-1.56724429386892,-0.649173723110535,
-0.148828133184759));
#1067=CARTESIAN_POINT('Ctrl Pts',(-1.10820911002999,-1.10820896643037,-0.0992187581847588));
#1068=CARTESIAN_POINT('Ctrl Pts',(-0.649173926191061,-1.56724420975021,
-0.0496093831847586));
#1069=CARTESIAN_POINT('Ctrl Pts',(-1.01540263100337E-7,-1.56724425180957,
-8.18475886024683E-9));
#1070=CARTESIAN_POINT('Ctrl Pts',(0.649173723110534,-1.56724429386892,0.0496093668152413));
#1071=CARTESIAN_POINT('Ctrl Pts',(1.10820896643037,-1.10820911002999,0.0992187418152411));
#1072=CARTESIAN_POINT('Ctrl Pts',(1.56724420975021,-0.649173926191062,0.148828116815241));
#1073=CARTESIAN_POINT('Ctrl Pts',(1.56724425180957,-1.0154026436774E-7,
0.198437491815241));
#1074=CARTESIAN_POINT('Ctrl Pts',(1.56724429386892,0.649173723110533,0.248046866815241));
#1075=CARTESIAN_POINT('Ctrl Pts',(1.10820911002999,1.10820896643037,0.297656241815241));
#1076=CARTESIAN_POINT('Ctrl Pts',(0.64917392619106,1.56724420975021,0.347265616815242));
#1077=CARTESIAN_POINT('Ctrl Pts',(1.01540262908405E-7,1.56724425180957,
0.396874991815241));
#1078=CARTESIAN_POINT('Ctrl Pts',(-0.649173723110534,1.56724429386892,0.446484366815241));
#1079=CARTESIAN_POINT('Ctrl Pts',(-1.10820896643037,1.10820911002999,0.496093741815242));
#1080=CARTESIAN_POINT('Ctrl Pts',(-1.56724420975021,0.649173926191058,0.545703116815241));
#1081=CARTESIAN_POINT('Ctrl Pts',(-1.56724425180957,1.01540261449069E-7,
0.595312491815241));
#1082=CARTESIAN_POINT('Ctrl Pts',(-1.56724425180957,1.01540261449069E-7,
-0.0992187581847575));
#1083=CARTESIAN_POINT('Ctrl Pts',(-1.56724429386892,-0.649173723110535,
-0.0496093831847577));
#1084=CARTESIAN_POINT('Ctrl Pts',(-1.10820911002999,-1.10820896643037,-8.18475755920423E-9));
#1085=CARTESIAN_POINT('Ctrl Pts',(-0.649173926191061,-1.56724420975021,
0.0496093668152426));
#1086=CARTESIAN_POINT('Ctrl Pts',(-1.01540263100337E-7,-1.56724425180957,
0.0992187418152424));
#1087=CARTESIAN_POINT('Ctrl Pts',(0.649173723110534,-1.56724429386892,0.148828116815243));
#1088=CARTESIAN_POINT('Ctrl Pts',(1.10820896643037,-1.10820911002999,0.198437491815242));
#1089=CARTESIAN_POINT('Ctrl Pts',(1.56724420975021,-0.649173926191062,0.248046866815242));
#1090=CARTESIAN_POINT('Ctrl Pts',(1.56724425180957,-1.0154026436774E-7,
0.297656241815243));
#1091=CARTESIAN_POINT('Ctrl Pts',(1.56724429386892,0.649173723110533,0.347265616815242));
#1092=CARTESIAN_POINT('Ctrl Pts',(1.10820911002999,1.10820896643037,0.396874991815242));
#1093=CARTESIAN_POINT('Ctrl Pts',(0.64917392619106,1.56724420975021,0.446484366815243));
#1094=CARTESIAN_POINT('Ctrl Pts',(1.01540262908405E-7,1.56724425180957,
0.496093741815243));
#1095=CARTESIAN_POINT('Ctrl Pts',(-0.649173723110534,1.56724429386892,0.545703116815242));
#1096=CARTESIAN_POINT('Ctrl Pts',(-1.10820896643037,1.10820911002999,0.595312491815243));
#1097=CARTESIAN_POINT('Ctrl Pts',(-1.56724420975021,0.649173926191058,0.644921866815243));
#1098=CARTESIAN_POINT('Ctrl Pts',(-1.56724425180957,1.01540261449069E-7,
0.694531241815242));
#1099=CARTESIAN_POINT('Origin',(-1.27675647831893E-14,-1.14969959070198E-15,
-3.72070313318475));
#1100=CARTESIAN_POINT('',(-1.56724425180957,1.01540263838369E-7,-0.992187508184759));
#1101=CARTESIAN_POINT('',(-1.56724425180957,1.01540263910503E-7,-0.892968758184758));
#1102=CARTESIAN_POINT('',(-1.56724425180959,1.01540262260273E-7,-3.72070313318475));
#1103=CARTESIAN_POINT('Ctrl Pts',(-1.56724425180957,1.01540261449069E-7,
-0.992187508184759));
#1104=CARTESIAN_POINT('Ctrl Pts',(-1.56724429386892,-0.649173723110535,
-0.942578133184759));
#1105=CARTESIAN_POINT('Ctrl Pts',(-1.10820911002999,-1.10820896643037,-0.892968758184759));
#1106=CARTESIAN_POINT('Ctrl Pts',(-0.649173926191061,-1.56724420975021,
-0.843359383184759));
#1107=CARTESIAN_POINT('Ctrl Pts',(-1.01540263100337E-7,-1.56724425180957,
-0.793750008184759));
#1108=CARTESIAN_POINT('Ctrl Pts',(0.649173723110534,-1.56724429386892,-0.744140633184759));
#1109=CARTESIAN_POINT('Ctrl Pts',(1.10820896643037,-1.10820911002999,-0.694531258184759));
#1110=CARTESIAN_POINT('Ctrl Pts',(1.56724420975021,-0.649173926191062,-0.644921883184759));
#1111=CARTESIAN_POINT('Ctrl Pts',(1.56724425180957,-1.0154026436774E-7,
-0.595312508184759));
#1112=CARTESIAN_POINT('Ctrl Pts',(1.56724429386892,0.649173723110533,-0.545703133184759));
#1113=CARTESIAN_POINT('Ctrl Pts',(1.10820911002999,1.10820896643037,-0.496093758184759));
#1114=CARTESIAN_POINT('Ctrl Pts',(0.64917392619106,1.56724420975021,-0.446484383184759));
#1115=CARTESIAN_POINT('Ctrl Pts',(1.01540262908405E-7,1.56724425180957,
-0.396875008184759));
#1116=CARTESIAN_POINT('Ctrl Pts',(-0.649173723110534,1.56724429386892,-0.347265633184759));
#1117=CARTESIAN_POINT('Ctrl Pts',(-1.10820896643037,1.10820911002999,-0.297656258184759));
#1118=CARTESIAN_POINT('Ctrl Pts',(-1.56724420975021,0.649173926191058,-0.248046883184759));
#1119=CARTESIAN_POINT('Ctrl Pts',(-1.56724425180957,1.01540261449069E-7,
-0.198437508184759));
#1120=CARTESIAN_POINT('Ctrl Pts',(-1.56724425180957,1.01540261449069E-7,
-0.892968758184758));
#1121=CARTESIAN_POINT('Ctrl Pts',(-1.56724429386892,-0.649173723110535,
-0.843359383184757));
#1122=CARTESIAN_POINT('Ctrl Pts',(-1.10820911002999,-1.10820896643037,-0.793750008184758));
#1123=CARTESIAN_POINT('Ctrl Pts',(-0.649173926191061,-1.56724420975021,
-0.744140633184758));
#1124=CARTESIAN_POINT('Ctrl Pts',(-1.01540263100337E-7,-1.56724425180957,
-0.694531258184757));
#1125=CARTESIAN_POINT('Ctrl Pts',(0.649173723110534,-1.56724429386892,-0.644921883184758));
#1126=CARTESIAN_POINT('Ctrl Pts',(1.10820896643037,-1.10820911002999,-0.595312508184758));
#1127=CARTESIAN_POINT('Ctrl Pts',(1.56724420975021,-0.649173926191062,-0.545703133184758));
#1128=CARTESIAN_POINT('Ctrl Pts',(1.56724425180957,-1.0154026436774E-7,
-0.496093758184758));
#1129=CARTESIAN_POINT('Ctrl Pts',(1.56724429386892,0.649173723110533,-0.446484383184757));
#1130=CARTESIAN_POINT('Ctrl Pts',(1.10820911002999,1.10820896643037,-0.396875008184758));
#1131=CARTESIAN_POINT('Ctrl Pts',(0.64917392619106,1.56724420975021,-0.347265633184757));
#1132=CARTESIAN_POINT('Ctrl Pts',(1.01540262908405E-7,1.56724425180957,
-0.297656258184758));
#1133=CARTESIAN_POINT('Ctrl Pts',(-0.649173723110534,1.56724429386892,-0.248046883184758));
#1134=CARTESIAN_POINT('Ctrl Pts',(-1.10820896643037,1.10820911002999,-0.198437508184757));
#1135=CARTESIAN_POINT('Ctrl Pts',(-1.56724420975021,0.649173926191058,-0.148828133184758));
#1136=CARTESIAN_POINT('Ctrl Pts',(-1.56724425180957,1.01540261449069E-7,
-0.0992187581847575));
#1137=CARTESIAN_POINT('Origin',(-1.27675647831893E-14,-1.14969959070198E-15,
-3.72070313318475));
#1138=CARTESIAN_POINT('',(-1.56724425180957,1.01540263261293E-7,-1.78593750818476));
#1139=CARTESIAN_POINT('',(-1.56724425180957,1.01540263333427E-7,-1.68671875818476));
#1140=CARTESIAN_POINT('',(-1.56724425180959,1.01540262260273E-7,-3.72070313318475));
#1141=CARTESIAN_POINT('Ctrl Pts',(-1.56724425180957,1.01540261449069E-7,
-1.78593750818476));
#1142=CARTESIAN_POINT('Ctrl Pts',(-1.56724429386892,-0.649173723110535,
-1.73632813318476));
#1143=CARTESIAN_POINT('Ctrl Pts',(-1.10820911002999,-1.10820896643037,-1.68671875818476));
#1144=CARTESIAN_POINT('Ctrl Pts',(-0.649173926191061,-1.56724420975021,
-1.63710938318476));
#1145=CARTESIAN_POINT('Ctrl Pts',(-1.01540263100337E-7,-1.56724425180957,
-1.58750000818476));
#1146=CARTESIAN_POINT('Ctrl Pts',(0.649173723110534,-1.56724429386892,-1.53789063318476));
#1147=CARTESIAN_POINT('Ctrl Pts',(1.10820896643037,-1.10820911002999,-1.48828125818476));
#1148=CARTESIAN_POINT('Ctrl Pts',(1.56724420975021,-0.649173926191062,-1.43867188318476));
#1149=CARTESIAN_POINT('Ctrl Pts',(1.56724425180957,-1.0154026436774E-7,
-1.38906250818476));
#1150=CARTESIAN_POINT('Ctrl Pts',(1.56724429386892,0.649173723110533,-1.33945313318476));
#1151=CARTESIAN_POINT('Ctrl Pts',(1.10820911002999,1.10820896643037,-1.28984375818476));
#1152=CARTESIAN_POINT('Ctrl Pts',(0.64917392619106,1.56724420975021,-1.24023438318476));
#1153=CARTESIAN_POINT('Ctrl Pts',(1.01540262908405E-7,1.56724425180957,
-1.19062500818476));
#1154=CARTESIAN_POINT('Ctrl Pts',(-0.649173723110534,1.56724429386892,-1.14101563318476));
#1155=CARTESIAN_POINT('Ctrl Pts',(-1.10820896643037,1.10820911002999,-1.09140625818476));
#1156=CARTESIAN_POINT('Ctrl Pts',(-1.56724420975021,0.649173926191058,-1.04179688318476));
#1157=CARTESIAN_POINT('Ctrl Pts',(-1.56724425180957,1.01540261449069E-7,
-0.992187508184759));
#1158=CARTESIAN_POINT('Ctrl Pts',(-1.56724425180957,1.01540261449069E-7,
-1.68671875818476));
#1159=CARTESIAN_POINT('Ctrl Pts',(-1.56724429386892,-0.649173723110535,
-1.63710938318476));
#1160=CARTESIAN_POINT('Ctrl Pts',(-1.10820911002999,-1.10820896643037,-1.58750000818476));
#1161=CARTESIAN_POINT('Ctrl Pts',(-0.649173926191061,-1.56724420975021,
-1.53789063318476));
#1162=CARTESIAN_POINT('Ctrl Pts',(-1.01540263100337E-7,-1.56724425180957,
-1.48828125818476));
#1163=CARTESIAN_POINT('Ctrl Pts',(0.649173723110534,-1.56724429386892,-1.43867188318476));
#1164=CARTESIAN_POINT('Ctrl Pts',(1.10820896643037,-1.10820911002999,-1.38906250818476));
#1165=CARTESIAN_POINT('Ctrl Pts',(1.56724420975021,-0.649173926191062,-1.33945313318476));
#1166=CARTESIAN_POINT('Ctrl Pts',(1.56724425180957,-1.0154026436774E-7,
-1.28984375818476));
#1167=CARTESIAN_POINT('Ctrl Pts',(1.56724429386892,0.649173723110533,-1.24023438318476));
#1168=CARTESIAN_POINT('Ctrl Pts',(1.10820911002999,1.10820896643037,-1.19062500818476));
#1169=CARTESIAN_POINT('Ctrl Pts',(0.64917392619106,1.56724420975021,-1.14101563318476));
#1170=CARTESIAN_POINT('Ctrl Pts',(1.01540262908405E-7,1.56724425180957,
-1.09140625818476));
#1171=CARTESIAN_POINT('Ctrl Pts',(-0.649173723110534,1.56724429386892,-1.04179688318476));
#1172=CARTESIAN_POINT('Ctrl Pts',(-1.10820896643037,1.10820911002999,-0.992187508184758));
#1173=CARTESIAN_POINT('Ctrl Pts',(-1.56724420975021,0.649173926191058,-0.942578133184758));
#1174=CARTESIAN_POINT('Ctrl Pts',(-1.56724425180957,1.01540261449069E-7,
-0.892968758184758));
#1175=CARTESIAN_POINT('Origin',(-1.27675647831893E-14,-1.14969959070198E-15,
-3.72070313318475));
#1176=CARTESIAN_POINT('',(-1.56724425180957,1.01540262684217E-7,-2.57968750818476));
#1177=CARTESIAN_POINT('',(-1.56724425180957,1.01540262756351E-7,-2.48046875818476));
#1178=CARTESIAN_POINT('',(-1.56724425180959,1.01540262260273E-7,-3.72070313318475));
#1179=CARTESIAN_POINT('Ctrl Pts',(-1.56724425180957,1.01540261449069E-7,
-2.57968750818476));
#1180=CARTESIAN_POINT('Ctrl Pts',(-1.56724429386892,-0.649173723110535,
-2.53007813318476));
#1181=CARTESIAN_POINT('Ctrl Pts',(-1.10820911002999,-1.10820896643037,-2.48046875818476));
#1182=CARTESIAN_POINT('Ctrl Pts',(-0.649173926191061,-1.56724420975021,
-2.43085938318476));
#1183=CARTESIAN_POINT('Ctrl Pts',(-1.01540263100337E-7,-1.56724425180957,
-2.38125000818476));
#1184=CARTESIAN_POINT('Ctrl Pts',(0.649173723110534,-1.56724429386892,-2.33164063318476));
#1185=CARTESIAN_POINT('Ctrl Pts',(1.10820896643037,-1.10820911002999,-2.28203125818476));
#1186=CARTESIAN_POINT('Ctrl Pts',(1.56724420975021,-0.649173926191062,-2.23242188318476));
#1187=CARTESIAN_POINT('Ctrl Pts',(1.56724425180957,-1.0154026436774E-7,
-2.18281250818476));
#1188=CARTESIAN_POINT('Ctrl Pts',(1.56724429386892,0.649173723110533,-2.13320313318476));
#1189=CARTESIAN_POINT('Ctrl Pts',(1.10820911002999,1.10820896643037,-2.08359375818476));
#1190=CARTESIAN_POINT('Ctrl Pts',(0.64917392619106,1.56724420975021,-2.03398438318476));
#1191=CARTESIAN_POINT('Ctrl Pts',(1.01540262908405E-7,1.56724425180957,
-1.98437500818476));
#1192=CARTESIAN_POINT('Ctrl Pts',(-0.649173723110534,1.56724429386892,-1.93476563318476));
#1193=CARTESIAN_POINT('Ctrl Pts',(-1.10820896643037,1.10820911002999,-1.88515625818476));
#1194=CARTESIAN_POINT('Ctrl Pts',(-1.56724420975021,0.649173926191058,-1.83554688318476));
#1195=CARTESIAN_POINT('Ctrl Pts',(-1.56724425180957,1.01540261449069E-7,
-1.78593750818476));
#1196=CARTESIAN_POINT('Ctrl Pts',(-1.56724425180957,1.01540261449069E-7,
-2.48046875818476));
#1197=CARTESIAN_POINT('Ctrl Pts',(-1.56724429386892,-0.649173723110535,
-2.43085938318476));
#1198=CARTESIAN_POINT('Ctrl Pts',(-1.10820911002999,-1.10820896643037,-2.38125000818476));
#1199=CARTESIAN_POINT('Ctrl Pts',(-0.649173926191061,-1.56724420975021,
-2.33164063318476));
#1200=CARTESIAN_POINT('Ctrl Pts',(-1.01540263100337E-7,-1.56724425180957,
-2.28203125818476));
#1201=CARTESIAN_POINT('Ctrl Pts',(0.649173723110534,-1.56724429386892,-2.23242188318476));
#1202=CARTESIAN_POINT('Ctrl Pts',(1.10820896643037,-1.10820911002999,-2.18281250818476));
#1203=CARTESIAN_POINT('Ctrl Pts',(1.56724420975021,-0.649173926191062,-2.13320313318476));
#1204=CARTESIAN_POINT('Ctrl Pts',(1.56724425180957,-1.0154026436774E-7,
-2.08359375818476));
#1205=CARTESIAN_POINT('Ctrl Pts',(1.56724429386892,0.649173723110533,-2.03398438318476));
#1206=CARTESIAN_POINT('Ctrl Pts',(1.10820911002999,1.10820896643037,-1.98437500818476));
#1207=CARTESIAN_POINT('Ctrl Pts',(0.64917392619106,1.56724420975021,-1.93476563318476));
#1208=CARTESIAN_POINT('Ctrl Pts',(1.01540262908405E-7,1.56724425180957,
-1.88515625818476));
#1209=CARTESIAN_POINT('Ctrl Pts',(-0.649173723110534,1.56724429386892,-1.83554688318476));
#1210=CARTESIAN_POINT('Ctrl Pts',(-1.10820896643037,1.10820911002999,-1.78593750818476));
#1211=CARTESIAN_POINT('Ctrl Pts',(-1.56724420975021,0.649173926191058,-1.73632813318476));
#1212=CARTESIAN_POINT('Ctrl Pts',(-1.56724425180957,1.01540261449069E-7,
-1.68671875818476));
#1213=CARTESIAN_POINT('Origin',(0.,-1.55530143491714E-15,-3.175));
#1214=CARTESIAN_POINT('',(2.0828,-7.69034209176657E-14,2.18281249957487));
#1215=CARTESIAN_POINT('',(2.0828,-8.73464562430461E-14,2.28203124957486));
#1216=CARTESIAN_POINT('',(2.0828,-1.81037087024355E-15,-3.175));
#1217=CARTESIAN_POINT('',(1.54372642487094,-1.39820047387891,2.8833215478834));
#1218=CARTESIAN_POINT('Ctrl Pts',(2.0828,-1.47729051214185E-13,2.18281249957487));
#1219=CARTESIAN_POINT('Ctrl Pts',(2.08280000000001,0.172517108499745,2.19273278240307));
#1220=CARTESIAN_POINT('Ctrl Pts',(2.06137042855792,0.344710072176251,2.20314484813048));
#1221=CARTESIAN_POINT('Ctrl Pts',(1.95176251446591,0.776339717115273,2.23057563289722));
#1222=CARTESIAN_POINT('Ctrl Pts',(1.83376808746756,1.02439521120735,2.24765007465293));
#1223=CARTESIAN_POINT('Ctrl Pts',(1.51044296087603,1.45924750525553,2.28035661548069));
#1224=CARTESIAN_POINT('Ctrl Pts',(1.30894936863049,1.64240446201189,2.29549164305159));
#1225=CARTESIAN_POINT('Ctrl Pts',(0.845163528245762,1.92298852444593,2.32884392349573));
#1226=CARTESIAN_POINT('Ctrl Pts',(0.586811190057515,2.01689069595002,2.34593662281399));
#1227=CARTESIAN_POINT('Ctrl Pts',(0.0513566849075339,2.0995364968747,2.37869546683855));
#1228=CARTESIAN_POINT('Ctrl Pts',(-0.220432340653801,2.08856409849225,2.39378826803628));
#1229=CARTESIAN_POINT('Ctrl Pts',(-0.747657679502581,1.96298299241711,2.42709656843801));
#1230=CARTESIAN_POINT('Ctrl Pts',(-0.997770509255369,1.84844689655484,2.44420694095765));
#1231=CARTESIAN_POINT('Ctrl Pts',(-1.43706951187186,1.53146255988395,2.4770181529814));
#1232=CARTESIAN_POINT('Ctrl Pts',(-1.622779301463,1.33309151840877,2.49207344879964));
#1233=CARTESIAN_POINT('Ctrl Pts',(-1.91024327613829,0.873713091251223,2.52533615885541));
#1234=CARTESIAN_POINT('Ctrl Pts',(-2.00810015328953,0.616395860141843,2.5424635317823));
#1235=CARTESIAN_POINT('Ctrl Pts',(-2.0984828565791,0.0823265491970518,2.57532700492815));
#1236=CARTESIAN_POINT('Ctrl Pts',(-2.09157014820301,-0.189054516595446,
2.59034984340611));
#1237=CARTESIAN_POINT('Ctrl Pts',(-1.97407377510768,-0.718016583475767,
2.62356544422622));
#1238=CARTESIAN_POINT('Ctrl Pts',(-1.8631270946478,-0.970194355999492,2.64070906269994));
#1239=CARTESIAN_POINT('Ctrl Pts',(-1.55268600724494,-1.41401649163356,2.67362451827181));
#1240=CARTESIAN_POINT('Ctrl Pts',(-1.35750192112834,-1.60233095118567,2.68862022192267));
#1241=CARTESIAN_POINT('Ctrl Pts',(-0.902681844020401,-1.89678487175543,
2.72178730309056));
#1242=CARTESIAN_POINT('Ctrl Pts',(-0.646483367752408,-1.99867196039728,
2.73894633805734));
#1243=CARTESIAN_POINT('Ctrl Pts',(-0.113882637367723,-2.09694616516995,
2.77191332767867));
#1244=CARTESIAN_POINT('Ctrl Pts',(0.157084291805944,-2.09415297202765,2.78688743449389));
#1245=CARTESIAN_POINT('Ctrl Pts',(0.637339823173342,-1.99525933430721,2.81685916350016));
#1246=CARTESIAN_POINT('Ctrl Pts',(0.84606583797572,-1.91609784900317,2.83074708895274));
#1247=CARTESIAN_POINT('Ctrl Pts',(1.22708629329878,-1.69697291987159,2.85787622553634));
#1248=CARTESIAN_POINT('Ctrl Pts',(1.39760084207638,-1.55953493751561,2.87056379623068));
#1249=CARTESIAN_POINT('Ctrl Pts',(1.54372642487156,-1.39820047387822,2.88332154788346));
#1250=CARTESIAN_POINT('',(0.102902386785307,-2.08025645986112,2.88332154788341));
#1251=CARTESIAN_POINT('Origin',(0.,-1.55530143491714E-15,2.88332154788336));
#1252=CARTESIAN_POINT('Ctrl Pts',(0.102902386785294,-2.08025645986112,2.8833215478834));
#1253=CARTESIAN_POINT('Ctrl Pts',(-0.110552311179114,-2.09081525312286,
2.87079572775627));
#1254=CARTESIAN_POINT('Ctrl Pts',(-0.324375066668219,-2.06846098289292,
2.85834961648654));
#1255=CARTESIAN_POINT('Ctrl Pts',(-0.741760634813007,-1.95839822461744,
2.83172707819093));
#1256=CARTESIAN_POINT('Ctrl Pts',(-0.94243520992807,-1.87012050597324,2.81808500024893));
#1257=CARTESIAN_POINT('Ctrl Pts',(-1.35195321174957,-1.60703365811062,2.7882700522565));
#1258=CARTESIAN_POINT('Ctrl Pts',(-1.54786447681045,-1.41931350654269,2.77326270556354));
#1259=CARTESIAN_POINT('Ctrl Pts',(-1.85980496355679,-0.976522021031791,
2.74037080207016));
#1260=CARTESIAN_POINT('Ctrl Pts',(-1.97157594681688,-0.724812221541546,
2.72323445980174));
#1261=CARTESIAN_POINT('Ctrl Pts',(-2.09092288162,-0.196241623888812,2.6899972919305));
#1262=CARTESIAN_POINT('Ctrl Pts',(-2.09876392059033,0.0752327783541753,
2.67496036385944));
#1263=CARTESIAN_POINT('Ctrl Pts',(-2.01015399017979,0.60962424827747,2.64212059051834));
#1264=CARTESIAN_POINT('Ctrl Pts',(-1.91320301166041,0.867184051377163,2.62500084616901));
#1265=CARTESIAN_POINT('Ctrl Pts',(-1.62731309538744,1.32757775889451,2.59171724613372));
#1266=CARTESIAN_POINT('Ctrl Pts',(-1.4421882604026,1.52666443862535,2.57664553181534));
#1267=CARTESIAN_POINT('Ctrl Pts',(-1.00390709326068,1.84510810233472,2.54385808945294));
#1268=CARTESIAN_POINT('Ctrl Pts',(-0.754262851314986,1.9604419239734,2.52675566151738));
#1269=CARTESIAN_POINT('Ctrl Pts',(-0.227434963060718,2.0878293474925,2.49342719184831));
#1270=CARTESIAN_POINT('Ctrl Pts',(0.044445241212887,2.09971025987617,2.47831578561911));
#1271=CARTESIAN_POINT('Ctrl Pts',(0.580201377433053,2.01879026037884,2.44558070302501));
#1272=CARTESIAN_POINT('Ctrl Pts',(0.838776277318335,1.92577055654312,2.42849622484702));
#1273=CARTESIAN_POINT('Ctrl Pts',(1.30353688431084,1.64672476198228,2.39512453161259));
#1274=CARTESIAN_POINT('Ctrl Pts',(1.50572675736605,1.46413727780341,2.37996887630124));
#1275=CARTESIAN_POINT('Ctrl Pts',(1.83045636252361,1.03027847002107,2.34728601139133));
#1276=CARTESIAN_POINT('Ctrl Pts',(1.94921400914769,0.782686162506063,2.33022002551977));
#1277=CARTESIAN_POINT('Ctrl Pts',(2.06079602119566,0.349277713757366,2.30263993363497));
#1278=CARTESIAN_POINT('Ctrl Pts',(2.08280000000002,0.174813998995706,2.29208361091714));
#1279=CARTESIAN_POINT('Ctrl Pts',(2.0828,-1.73194791841524E-13,2.28203124957486));
#1280=CARTESIAN_POINT('Origin',(0.,-1.55530143491714E-15,-3.175));
#1281=CARTESIAN_POINT('',(2.0828,-1.83276664464563E-13,1.38906249957486));
#1282=CARTESIAN_POINT('',(2.0828,-1.83085844882206E-13,1.48828124957485));
#1283=CARTESIAN_POINT('',(2.0828,-1.81037087024355E-15,-3.175));
#1284=CARTESIAN_POINT('Ctrl Pts',(2.0828,-3.62071483905879E-13,1.38906249957486));
#1285=CARTESIAN_POINT('Ctrl Pts',(2.08280000000004,0.209269476187278,1.40109616052096));
#1286=CARTESIAN_POINT('Ctrl Pts',(2.05126660960806,0.417672053204783,1.41383105302361));
#1287=CARTESIAN_POINT('Ctrl Pts',(1.90860393952658,0.876675281532286,1.44362322376739));
#1288=CARTESIAN_POINT('Ctrl Pts',(1.77862962788048,1.1170614155957,1.46054199691794));
#1289=CARTESIAN_POINT('Ctrl Pts',(1.43301826493567,1.53577543063395,1.49285136214935));
#1290=CARTESIAN_POINT('Ctrl Pts',(1.22027094851551,1.70970604958822,1.50844396386164));
#1291=CARTESIAN_POINT('Ctrl Pts',(0.741094760588427,1.96524562260219,1.54208471351861));
#1292=CARTESIAN_POINT('Ctrl Pts',(0.479514059675492,2.0448711333865,1.55902300386947));
#1293=CARTESIAN_POINT('Ctrl Pts',(-0.0604922225455777,2.09960049594295,
1.59137865903418));
#1294=CARTESIAN_POINT('Ctrl Pts',(-0.333755478403582,2.07378771808112,1.60690666174645));
#1295=CARTESIAN_POINT('Ctrl Pts',(-0.854088881863458,1.91886177192484,1.64051760675465));
#1296=CARTESIAN_POINT('Ctrl Pts',(-1.09626693950356,1.79156797877311,1.65747557503293));
#1297=CARTESIAN_POINT('Ctrl Pts',(-1.51869699881886,1.45099077357343,1.6898787180791));
#1298=CARTESIAN_POINT('Ctrl Pts',(-1.69474910690737,1.24082445868302,1.70534331821831));
#1299=CARTESIAN_POINT('Ctrl Pts',(-1.95606661432785,0.765108768531912,1.73892270056562));
#1300=CARTESIAN_POINT('Ctrl Pts',(-2.03896758856494,0.504199050140344,1.75590042424597));
#1301=CARTESIAN_POINT('Ctrl Pts',(-2.10010363511655,-0.034824177115201,
1.78835214887597));
#1302=CARTESIAN_POINT('Ctrl Pts',(-2.07772507336322,-0.307750210894945,
1.80375499382859));
#1303=CARTESIAN_POINT('Ctrl Pts',(-1.92955677965497,-0.829753860904201,
1.83730102555051));
#1304=CARTESIAN_POINT('Ctrl Pts',(-1.80516168276357,-1.07381951180644,1.85429849358035));
#1305=CARTESIAN_POINT('Ctrl Pts',(-1.46999607415973,-1.50019781225792,1.88679977643704));
#1306=CARTESIAN_POINT('Ctrl Pts',(-1.26257862097149,-1.67850517663495,1.90214297701598));
#1307=CARTESIAN_POINT('Ctrl Pts',(-0.790594054330213,-1.94595417829678,
1.93565385151416));
#1308=CARTESIAN_POINT('Ctrl Pts',(-0.530444360336829,-2.03234354719562,
1.95267096005652));
#1309=CARTESIAN_POINT('Ctrl Pts',(0.0074920526270322,-2.10030028072454,
1.98522264863259));
#1310=CARTESIAN_POINT('Ctrl Pts',(0.280057856575323,-2.08155866228406,2.00050878461823));
#1311=CARTESIAN_POINT('Ctrl Pts',(0.803781028422884,-1.94056983935328,2.03398268942037));
#1312=CARTESIAN_POINT('Ctrl Pts',(1.04981280015067,-1.81928058725177,2.0510192387999));
#1313=CARTESIAN_POINT('Ctrl Pts',(1.4803438039019,-1.48987833157948,2.08362204035099));
#1314=CARTESIAN_POINT('Ctrl Pts',(1.66102571476018,-1.28535966319544,2.09885415831755));
#1315=CARTESIAN_POINT('Ctrl Pts',(1.93491569645296,-0.817360246216958,2.13228928917369));
#1316=CARTESIAN_POINT('Ctrl Pts',(2.02498259628853,-0.558062838440135,2.14934498219166));
#1317=CARTESIAN_POINT('Ctrl Pts',(2.07610697447137,-0.192898381017329,2.17156081079607));
#1318=CARTESIAN_POINT('Ctrl Pts',(2.08279999999999,-0.0964077920796357,
2.17726874468246));
#1319=CARTESIAN_POINT('Ctrl Pts',(2.0828,-1.47557946533212E-13,2.18281249957487));
#1320=CARTESIAN_POINT('Ctrl Pts',(2.0828,-1.73043259488551E-13,2.28203124957486));
#1321=CARTESIAN_POINT('Ctrl Pts',(2.08279999999999,-0.094254626387346,2.27661130856288));
#1322=CARTESIAN_POINT('Ctrl Pts',(2.07640257289768,-0.188593469378642,2.27103414764477));
#1323=CARTESIAN_POINT('Ctrl Pts',(2.0267180905045,-0.551685396485414,2.24897179242731));
#1324=CARTESIAN_POINT('Ctrl Pts',(1.93750098393088,-0.811184422339804,2.23192474661567));
#1325=CARTESIAN_POINT('Ctrl Pts',(1.66509736437302,-1.28010947627562,2.19847179175827));
#1326=CARTESIAN_POINT('Ctrl Pts',(1.48496397582197,-1.4852981142763,2.18321555927713));
#1327=CARTESIAN_POINT('Ctrl Pts',(1.05539173764259,-1.81603760012633,2.15063603885552));
#1328=CARTESIAN_POINT('Ctrl Pts',(0.809812087420978,-1.93804915223515,2.13360828373111));
#1329=CARTESIAN_POINT('Ctrl Pts',(0.286482491886009,-2.0807021715752,2.10011737200129));
#1330=CARTESIAN_POINT('Ctrl Pts',(0.0138330427339623,-2.10028581275287,
2.08480568111947));
#1331=CARTESIAN_POINT('Ctrl Pts',(-0.524359203750543,-2.03391142866435,
2.0522769706529));
#1332=CARTESIAN_POINT('Ctrl Pts',(-0.784689421981345,-1.94833141187664,
2.03526875902811));
#1333=CARTESIAN_POINT('Ctrl Pts',(-1.25754388629178,-1.68230304724989,2.00174170023503));
#1334=CARTESIAN_POINT('Ctrl Pts',(-1.46559915407097,-1.50451862700069,1.98637171549079));
#1335=CARTESIAN_POINT('Ctrl Pts',(-1.80202503995876,-1.07905554828384,1.95389304276407));
#1336=CARTESIAN_POINT('Ctrl Pts',(-1.92709675079243,-0.835425904064735,
1.93690453051357));
#1337=CARTESIAN_POINT('Ctrl Pts',(-2.07683738367298,-0.313806376260611,
1.90334313613291));
#1338=CARTESIAN_POINT('Ctrl Pts',(-2.10001402330934,-0.0408016969459067,
1.88791249084518));
#1339=CARTESIAN_POINT('Ctrl Pts',(-2.04036978572182,0.498453703929318,1.85548294829672));
#1340=CARTESIAN_POINT('Ctrl Pts',(-1.95823164205085,0.759523369833711,1.83851419668289));
#1341=CARTESIAN_POINT('Ctrl Pts',(-1.69825793072432,1.23604867309324,1.80492026635087));
#1342=CARTESIAN_POINT('Ctrl Pts',(-1.52269951607188,1.44681606690551,1.7894270612029));
#1343=CARTESIAN_POINT('Ctrl Pts',(-1.10113410761777,1.78856969887118,1.75704561750195));
#1344=CARTESIAN_POINT('Ctrl Pts',(-0.859371700142378,1.91649130549237,1.74009659679704));
#1345=CARTESIAN_POINT('Ctrl Pts',(-0.339408621023312,2.07288838896613,1.70647190619487));
#1346=CARTESIAN_POINT('Ctrl Pts',(-0.066072249062233,2.09945028313644,1.69091470044287));
#1347=CARTESIAN_POINT('Ctrl Pts',(0.474142949203616,2.04611399154575,1.65858021294319));
#1348=CARTESIAN_POINT('Ctrl Pts',(0.735864059563691,1.9672004692337,1.6416508071722));
#1349=CARTESIAN_POINT('Ctrl Pts',(1.21578701338723,1.71291963013165,1.60799709738284));
#1350=CARTESIAN_POINT('Ctrl Pts',(1.42909541235091,1.53945078473283,1.59237489354037));
#1351=CARTESIAN_POINT('Ctrl Pts',(1.77579518567031,1.12154572363295,1.56008612133053));
#1352=CARTESIAN_POINT('Ctrl Pts',(1.90634694713529,0.881551564501901,1.54317613394347));
#1353=CARTESIAN_POINT('Ctrl Pts',(2.0507181828576,0.421261303043529,1.51326925906725));
#1354=CARTESIAN_POINT('Ctrl Pts',(2.08280000000004,0.211081103106429,1.50041908483487));
#1355=CARTESIAN_POINT('Ctrl Pts',(2.0828,-3.6498581934552E-13,1.48828124957485));
#1356=CARTESIAN_POINT('Origin',(0.,-1.55530143491714E-15,-3.175));
#1357=CARTESIAN_POINT('',(2.0828,-9.17006121677478E-14,0.59531249957487));
#1358=CARTESIAN_POINT('',(2.0828,-8.52821353066337E-14,0.694531249574858));
#1359=CARTESIAN_POINT('',(2.0828,-1.81037087024355E-15,-3.175));
#1360=CARTESIAN_POINT('Ctrl Pts',(2.0828,-1.85337856173362E-13,0.59531249957487));
#1361=CARTESIAN_POINT('Ctrl Pts',(2.08280000000002,0.236447094067843,0.608908960050334));
#1362=CARTESIAN_POINT('Ctrl Pts',(2.04254169066996,0.471439419732153,0.623380663030763));
#1363=CARTESIAN_POINT('Ctrl Pts',(1.87349689236891,0.94909990917186,0.654874070867612));
#1364=CARTESIAN_POINT('Ctrl Pts',(1.73499282222171,1.18347346883289,0.671650268706392));
#1365=CARTESIAN_POINT('Ctrl Pts',(1.37315058668288,1.58991618149748,0.703640591555978));
#1366=CARTESIAN_POINT('Ctrl Pts',(1.15192136405652,1.75683817463876,0.719746903595291));
#1367=CARTESIAN_POINT('Ctrl Pts',(0.661667914042614,1.9932470905688,0.753568965551478));
#1368=CARTESIAN_POINT('Ctrl Pts',(0.398171688209607,2.06211669175285,0.77036121395384));
#1369=CARTESIAN_POINT('Ctrl Pts',(-0.144810361137861,2.09577344426693,0.802386065093774));
#1370=CARTESIAN_POINT('Ctrl Pts',(-0.419166774685593,2.05853350097897,0.818431417132164));
#1371=CARTESIAN_POINT('Ctrl Pts',(-0.933619710976877,1.88129021746536,0.852235784155748));
#1372=CARTESIAN_POINT('Ctrl Pts',(-1.16931322408736,1.74460081060937,0.869044660791153));
#1373=CARTESIAN_POINT('Ctrl Pts',(-1.57842630819923,1.38624040112797,0.901105606297579));
#1374=CARTESIAN_POINT('Ctrl Pts',(-1.7468747396647,1.16685162649053,0.917088550946112));
#1375=CARTESIAN_POINT('Ctrl Pts',(-1.9874534343031,0.67896312565566,0.950873939101123));
#1376=CARTESIAN_POINT('Ctrl Pts',(-2.05865513405347,0.415844967561373,0.967699994732269));
#1377=CARTESIAN_POINT('Ctrl Pts',(-2.09688694857895,-0.126524569758867,
0.999798596060928));
#1378=CARTESIAN_POINT('Ctrl Pts',(-2.06214578175177,-0.400646493915693,
1.01571790259278));
#1379=CARTESIAN_POINT('Ctrl Pts',(-1.88975910229931,-0.916427458333708,
1.04948295798097));
#1380=CARTESIAN_POINT('Ctrl Pts',(-1.75509051309084,-1.15356450852421,1.06632670955822));
#1381=CARTESIAN_POINT('Ctrl Pts',(-1.40058856827492,-1.5656124082313,1.09846451309964));
#1382=CARTESIAN_POINT('Ctrl Pts',(-1.18322589141489,-1.73573733483164,1.11431920124221));
#1383=CARTESIAN_POINT('Ctrl Pts',(-0.697965739612634,-1.98089437780221,
1.1480625008239));
#1384=CARTESIAN_POINT('Ctrl Pts',(-0.435287816288822,-2.05466477255376,
1.16492442427798));
#1385=CARTESIAN_POINT('Ctrl Pts',(0.106386155657542,-2.09793137833779,1.19710295007148));
#1386=CARTESIAN_POINT('Ctrl Pts',(0.380247952577348,-2.06592843225005,1.21289232412528));
#1387=CARTESIAN_POINT('Ctrl Pts',(0.897457197589358,-1.89887929221961,1.24661237750999));
#1388=CARTESIAN_POINT('Ctrl Pts',(1.13616006511451,-1.76644711628322,1.26349290034831));
#1389=CARTESIAN_POINT('Ctrl Pts',(1.55140959472407,-1.41619301875775,1.29571363005002));
#1390=CARTESIAN_POINT('Ctrl Pts',(1.72336255263872,-1.20104470777061,1.31143731263976));
#1391=CARTESIAN_POINT('Ctrl Pts',(1.97350902672206,-0.718686804491114,1.34513256497335));
#1392=CARTESIAN_POINT('Ctrl Pts',(2.05008809044759,-0.456518908383929,1.36203205880717));
#1393=CARTESIAN_POINT('Ctrl Pts',(2.08000165989625,-0.124741076165339,1.38182283850583));
#1394=CARTESIAN_POINT('Ctrl Pts',(2.08279999999999,-0.0623359043819431,
1.38547798666948));
#1395=CARTESIAN_POINT('Ctrl Pts',(2.0828,-3.64183098592574E-13,1.38906249957486));
#1396=CARTESIAN_POINT('Ctrl Pts',(2.0828,-3.64183097528056E-13,1.48828124957485));
#1397=CARTESIAN_POINT('Ctrl Pts',(2.08279999999999,-0.0606768764297253,
1.48479213605709));
#1398=CARTESIAN_POINT('Ctrl Pts',(2.08014862323939,-0.121420950472232,1.48123600675153));
#1399=CARTESIAN_POINT('Ctrl Pts',(2.05118121258582,-0.451543581852477,1.46156294254325));
#1400=CARTESIAN_POINT('Ctrl Pts',(1.97526068630476,-0.713833755231208,1.44467210281833));
#1401=CARTESIAN_POINT('Ctrl Pts',(1.72628254537464,-1.19687480727757,1.41096539531997));
#1402=CARTESIAN_POINT('Ctrl Pts',(1.55475776082571,-1.41254223247019,1.39521186685319));
#1403=CARTESIAN_POINT('Ctrl Pts',(1.14025823697118,-1.76379506596245,1.36301047638318));
#1404=CARTESIAN_POINT('Ctrl Pts',(0.901921310023042,-1.89675413819967,1.34613844636378));
#1405=CARTESIAN_POINT('Ctrl Pts',(0.385044719343175,-2.06505735147064,1.31240765140078));
#1406=CARTESIAN_POINT('Ctrl Pts',(0.111121593831837,-2.09770291760346,1.29658856120874));
#1407=CARTESIAN_POINT('Ctrl Pts',(-0.430717918174002,-2.05561989362527,
1.26442870759856));
#1408=CARTESIAN_POINT('Ctrl Pts',(-0.693501614309395,-1.98245354370218,
1.24757508937442));
#1409=CARTESIAN_POINT('Ctrl Pts',(-1.17938205968758,-1.73837179605732,1.21382173297039));
#1410=CARTESIAN_POINT('Ctrl Pts',(-1.39722109700804,-1.56864068461833,1.19793760706067));
#1411=CARTESIAN_POINT('Ctrl Pts',(-1.75263262649717,-1.15728233290922,1.16581778969594));
#1412=CARTESIAN_POINT('Ctrl Pts',(-1.88777851775242,-0.920483757851521,
1.14898213285254));
#1413=CARTESIAN_POINT('Ctrl Pts',(-2.06130936707654,-0.405013213921431,
1.11520767511297));
#1414=CARTESIAN_POINT('Ctrl Pts',(-2.09663858598024,-0.130835847504171,
1.09925934259024));
#1415=CARTESIAN_POINT('Ctrl Pts',(-2.05948512635777,0.411679736463438,1.06717802802044));
#1416=CARTESIAN_POINT('Ctrl Pts',(-1.98883329506132,0.674888887598396,1.05035983709759));
#1417=CARTESIAN_POINT('Ctrl Pts',(-1.74923661730588,1.16333682489169,1.01656566983596));
#1418=CARTESIAN_POINT('Ctrl Pts',(-1.58114770188829,1.38315945541248,1.000554228891));
#1419=CARTESIAN_POINT('Ctrl Pts',(-1.17266373078488,1.74234261910174,0.968509862536601));
#1420=CARTESIAN_POINT('Ctrl Pts',(-0.937280640549663,1.87946159989513,0.951708604357404));
#1421=CARTESIAN_POINT('Ctrl Pts',(-0.423114699309445,2.05774149800547,0.917896049760665));
#1422=CARTESIAN_POINT('Ctrl Pts',(-0.148708532008429,2.09551571739143,0.901822833620243));
#1423=CARTESIAN_POINT('Ctrl Pts',(0.394401749373174,2.06283475501431,0.869813850686815));
#1424=CARTESIAN_POINT('Ctrl Pts',(0.657975911623899,1.99446227568085,0.853028961439768));
#1425=CARTESIAN_POINT('Ctrl Pts',(1.14873087524166,1.75894387335904,0.819199271645259));
#1426=CARTESIAN_POINT('Ctrl Pts',(1.37035255290516,1.59234784415469,0.803065815128369));
#1427=CARTESIAN_POINT('Ctrl Pts',(1.73293443116139,1.18647511066601,0.771090650646065));
#1428=CARTESIAN_POINT('Ctrl Pts',(1.87182288241708,0.952384061192903,0.754321542624767));
#1429=CARTESIAN_POINT('Ctrl Pts',(2.0421158569208,0.473901836837353,0.722751152612824));
#1430=CARTESIAN_POINT('Ctrl Pts',(2.08280000000002,0.237693849127338,0.708199402434429));
#1431=CARTESIAN_POINT('Ctrl Pts',(2.0828,-1.72847847146329E-13,0.694531249574858));
#1432=CARTESIAN_POINT('Origin',(0.,-1.55530143491714E-15,-3.175));
#1433=CARTESIAN_POINT('',(2.0828,-2.1756561616363E-14,-0.198437500425122));
#1434=CARTESIAN_POINT('',(2.0828,-1.67258635360303E-14,-0.0992187504251334));
#1435=CARTESIAN_POINT('',(2.0828,-1.81037087024355E-15,-3.175));
#1436=CARTESIAN_POINT('Ctrl Pts',(2.0828,-3.88578058618805E-14,-0.198437500425122));
#1437=CARTESIAN_POINT('Ctrl Pts',(2.08280000000001,0.254341433039737,-0.183812058504472));
#1438=CARTESIAN_POINT('Ctrl Pts',(2.03621467403127,0.506745304577592,-0.168188435579137));
#1439=CARTESIAN_POINT('Ctrl Pts',(1.84894609027285,0.995903106119517,-0.135599830758681));
#1440=CARTESIAN_POINT('Ctrl Pts',(1.70498429411823,1.22616724619171,-0.118929942266732));
#1441=CARTESIAN_POINT('Ctrl Pts',(1.33256687104314,1.62436887401266,-0.0871616219288166));
#1442=CARTESIAN_POINT('Ctrl Pts',(1.10567639325568,1.7865710334761,-0.070635668427606));
#1443=CARTESIAN_POINT('Ctrl Pts',(0.608283666622902,2.01008740743827,-0.0367101576815982));
#1444=CARTESIAN_POINT('Ctrl Pts',(0.343754115576467,2.07179293662799,-0.0200291279681951));
#1445=CARTESIAN_POINT('Ctrl Pts',(-0.200996676515542,2.09136574191185,0.0117619715800485));
#1446=CARTESIAN_POINT('Ctrl Pts',(-0.476060691310113,2.04636795200495,0.028242764690487));
#1447=CARTESIAN_POINT('Ctrl Pts',(-0.98624171959843,1.85413746515028,0.0621584575163317));
#1448=CARTESIAN_POINT('Ctrl Pts',(-1.21736895875327,1.71129870524094,0.0788512278084251));
#1449=CARTESIAN_POINT('Ctrl Pts',(-1.61729297445378,1.34107056286493,0.110666445343689));
#1450=CARTESIAN_POINT('Ctrl Pts',(-1.78048295378582,1.11536095440251,0.127099928969465));
#1451=CARTESIAN_POINT('Ctrl Pts',(-2.00669689706208,0.619440479863884,0.161005032866637));
#1452=CARTESIAN_POINT('Ctrl Pts',(-2.06989541148528,0.355110377967458,0.177710154439724));
#1453=CARTESIAN_POINT('Ctrl Pts',(-2.09240745640543,-0.189285855745326,
0.209550874330746));
#1454=CARTESIAN_POINT('Ctrl Pts',(-2.04903704282221,-0.464204229706819,
0.225934906421328));
#1455=CARTESIAN_POINT('Ctrl Pts',(-1.85993868956655,-0.975299959923498,
0.259828594501345));
#1456=CARTESIAN_POINT('Ctrl Pts',(-1.71837405663119,-1.20739531121882,0.276546686409946));
#1457=CARTESIAN_POINT('Ctrl Pts',(-1.35062126329531,-1.60925645104494,0.308414335414546));
#1458=CARTESIAN_POINT('Ctrl Pts',(-1.12624122664175,-1.77355646301044,0.32474679939734));
#1459=CARTESIAN_POINT('Ctrl Pts',(-0.631989086256444,-2.00280237665627,
0.358628186069197));
#1460=CARTESIAN_POINT('Ctrl Pts',(-0.367893681393937,-2.06768278728459,
0.375359872231677));
#1461=CARTESIAN_POINT('Ctrl Pts',(0.176094270121634,-2.09350320881901,0.407255915501615));
#1462=CARTESIAN_POINT('Ctrl Pts',(0.450847348903528,-2.05195922202472,0.423534741063166));
#1463=CARTESIAN_POINT('Ctrl Pts',(0.96295794240976,-1.8663836487612,0.457402879346645));
#1464=CARTESIAN_POINT('Ctrl Pts',(1.19613346183061,-1.7262590596741,0.474148784540909));
#1465=CARTESIAN_POINT('Ctrl Pts',(1.60016270351486,-1.36129339663677,0.506074720778464));
#1466=CARTESIAN_POINT('Ctrl Pts',(1.76570404110248,-1.13840331375086,0.52229790700991));
#1467=CARTESIAN_POINT('Ctrl Pts',(1.99834105117549,-0.646034178807062,0.556151786055164));
#1468=CARTESIAN_POINT('Ctrl Pts',(2.06510729820464,-0.38221456419939,0.572912531386378));
#1469=CARTESIAN_POINT('Ctrl Pts',(2.08177967685327,-0.075314253919218,0.590957387825677));
#1470=CARTESIAN_POINT('Ctrl Pts',(2.0828,-0.0376400765370624,0.593148075372727));
#1471=CARTESIAN_POINT('Ctrl Pts',(2.0828,-1.85785914348085E-13,0.595312499574869));
#1472=CARTESIAN_POINT('Ctrl Pts',(2.0828,-1.7304325948855E-13,0.694531249574858));
#1473=CARTESIAN_POINT('Ctrl Pts',(2.0828,-0.0365168681790852,0.692431413428259));
#1474=CARTESIAN_POINT('Ctrl Pts',(2.08183966176701,-0.0730662041423665,
0.690306836592757));
#1475=CARTESIAN_POINT('Ctrl Pts',(2.06572635029647,-0.378823814466433,0.672341005232612));
#1476=CARTESIAN_POINT('Ctrl Pts',(1.99940676901936,-0.642709959234484,0.655587073159087));
#1477=CARTESIAN_POINT('Ctrl Pts',(1.7675721483596,-1.13552627401771,0.621726591644668));
#1478=CARTESIAN_POINT('Ctrl Pts',(1.60232451804484,-1.35876918070412,0.605477905268626));
#1479=CARTESIAN_POINT('Ctrl Pts',(1.19880843111075,-1.72439610800447,0.573565726677583));
#1480=CARTESIAN_POINT('Ctrl Pts',(0.965888240274746,-1.86486287238582,0.556826353555256));
#1481=CARTESIAN_POINT('Ctrl Pts',(0.45401699475478,-2.05127387695462,0.522952079743848));
#1482=CARTESIAN_POINT('Ctrl Pts',(0.179224578517505,-2.09325063273308,0.5066486521788));
#1483=CARTESIAN_POINT('Ctrl Pts',(-0.36486110904096,-2.06821504434023,0.474765682403297));
#1484=CARTESIAN_POINT('Ctrl Pts',(-0.629013169017226,-2.00373375338966,
0.458040244864098));
#1485=CARTESIAN_POINT('Ctrl Pts',(-1.12366215124059,-1.77520668109868,0.424153160320324));
#1486=CARTESIAN_POINT('Ctrl Pts',(-1.34835763385118,-1.61116982540531,0.407797027001281));
#1487=CARTESIAN_POINT('Ctrl Pts',(-1.72232078217193,-1.20364138874166,0.375455568467566));
#1488=CARTESIAN_POINT('Ctrl Pts',(-1.86723257373254,-0.963613644431494,
0.35820161410077));
#1489=CARTESIAN_POINT('Ctrl Pts',(-2.05097728098367,-0.450585599903898,
0.324324328117404));
#1490=CARTESIAN_POINT('Ctrl Pts',(-2.09181140195298,-0.183906102565734,
0.308446074233423));
#1491=CARTESIAN_POINT('Ctrl Pts',(-2.07004963433759,0.360668990253471,0.276612939931035));
#1492=CARTESIAN_POINT('Ctrl Pts',(-2.00356868298952,0.633140401319723,0.259361484137195));
#1493=CARTESIAN_POINT('Ctrl Pts',(-1.7720893304834,1.12661392246241,0.225471673157873));
#1494=CARTESIAN_POINT('Ctrl Pts',(-1.61298240919311,1.34454680389625,0.209554524948273));
#1495=CARTESIAN_POINT('Ctrl Pts',(-1.21347269965603,1.71543435566962,0.177747425131458));
#1496=CARTESIAN_POINT('Ctrl Pts',(-0.974130227368781,1.86179143350679,0.160498451401004));
#1497=CARTESIAN_POINT('Ctrl Pts',(-0.461897475307299,2.04847119380831,0.126596988429213));
#1498=CARTESIAN_POINT('Ctrl Pts',(-0.195357731251658,2.09078343974773,0.110642594673991));
#1499=CARTESIAN_POINT('Ctrl Pts',(0.349560675367558,2.07197469897582,0.0788600557054328));
#1500=CARTESIAN_POINT('Ctrl Pts',(0.622533182446272,2.00691048815917,0.0616135300753731));
#1501=CARTESIAN_POINT('Ctrl Pts',(1.11742501689808,1.77791122883471,0.0277012339215772));
#1502=CARTESIAN_POINT('Ctrl Pts',(1.33624665227749,1.61987844476032,0.011711266882348));
#1503=CARTESIAN_POINT('Ctrl Pts',(1.70931954078957,1.22210344239555,-0.0200481333989853));
#1504=CARTESIAN_POINT('Ctrl Pts',(1.85694775113201,0.983371793728059,-0.0372922594160197));
#1505=CARTESIAN_POINT('Ctrl Pts',(2.03904617124242,0.49121833037309,-0.0699299782973591));
#1506=CARTESIAN_POINT('Ctrl Pts',(2.08280000000001,0.246491579970638,-0.0850447000405603));
#1507=CARTESIAN_POINT('Ctrl Pts',(2.0828,-3.20576898360514E-14,-0.0992187504251334));
#1508=CARTESIAN_POINT('Origin',(0.,-1.55530143491714E-15,-3.175));
#1509=CARTESIAN_POINT('',(2.0828,-1.66846376455157E-15,-0.99218750042512));
#1510=CARTESIAN_POINT('',(2.0828,-2.8480757282158E-15,-0.892968750425132));
#1511=CARTESIAN_POINT('',(2.0828,-1.81037087024355E-15,-3.175));
#1512=CARTESIAN_POINT('Ctrl Pts',(2.0828,-5.55111512312578E-16,-0.99218750042512));
#1513=CARTESIAN_POINT('Ctrl Pts',(2.0828,0.261367018704099,-0.977158064967656));
#1514=CARTESIAN_POINT('Ctrl Pts',(2.03360240087552,0.520529520025612,-0.961083578645031));
#1515=CARTESIAN_POINT('Ctrl Pts',(1.83551594738571,1.02298334235723,-0.927472743865141));
#1516=CARTESIAN_POINT('Ctrl Pts',(1.68242780237756,1.25900366691943,-0.910254479647625));
#1517=CARTESIAN_POINT('Ctrl Pts',(1.29995433389973,1.64921490653583,-0.878706111202332));
#1518=CARTESIAN_POINT('Ctrl Pts',(1.07727631160007,1.80259144332753,-0.862370989673254));
#1519=CARTESIAN_POINT('Ctrl Pts',(0.576290165736559,2.02076462228753,-0.828366113326746));
#1520=CARTESIAN_POINT('Ctrl Pts',(0.30122490397971,2.0796401639967,-0.811146653090274));
#1521=CARTESIAN_POINT('Ctrl Pts',(-0.245095808209292,2.08559547090624,-0.779589627908837));
#1522=CARTESIAN_POINT('Ctrl Pts',(-0.511029311223947,2.03683516443231,-0.763269370770627));
#1523=CARTESIAN_POINT('Ctrl Pts',(-1.01968978926397,1.83733992688931,-0.729268078277723));
#1524=CARTESIAN_POINT('Ctrl Pts',(-1.25594139377319,1.68470647998178,-0.712047344996509));
#1525=CARTESIAN_POINT('Ctrl Pts',(-1.64678965744358,1.303016849334,-0.680481015555492));
#1526=CARTESIAN_POINT('Ctrl Pts',(-1.80055673504424,1.08066248945268,-0.664176669572228));
#1527=CARTESIAN_POINT('Ctrl Pts',(-2.01964252414601,0.58018401571746,-0.630179248890258));
#1528=CARTESIAN_POINT('Ctrl Pts',(-2.07903994729754,0.30528925405807,-0.612957162465539));
#1529=CARTESIAN_POINT('Ctrl Pts',(-2.08607645111822,-0.240919234578614,
-0.581380837897062));
#1530=CARTESIAN_POINT('Ctrl Pts',(-2.03785952000201,-0.506903634518995,
-0.565093509021671));
#1531=CARTESIAN_POINT('Ctrl Pts',(-1.83944481394162,-1.01587161883599,-0.531100270679617));
#1532=CARTESIAN_POINT('Ctrl Pts',(-1.68733832597404,-1.25239000264634,-0.513876748160439));
#1533=CARTESIAN_POINT('Ctrl Pts',(-1.30655686336864,-1.64397488346096,-0.48228969217485));
#1534=CARTESIAN_POINT('Ctrl Pts',(-1.08457701690073,-1.79819391277337,-0.466020546469193));
#1535=CARTESIAN_POINT('Ctrl Pts',(-0.584686861081429,-2.01833478963649,
-0.432031825223368));
#1536=CARTESIAN_POINT('Ctrl Pts',(-0.309990570270958,-2.07833553941012,
-0.414806781107287));
#1537=CARTESIAN_POINT('Ctrl Pts',(0.236086810503636,-2.0866225659899,-0.383208209954768));
#1538=CARTESIAN_POINT('Ctrl Pts',(0.502130095634362,-2.03903386957366,-0.36695847405628));
#1539=CARTESIAN_POINT('Ctrl Pts',(1.01145212350188,-1.84186833720497,-0.33297463064401));
#1540=CARTESIAN_POINT('Ctrl Pts',(1.248277511413,-1.69037157703098,-0.315747977270566));
#1541=CARTESIAN_POINT('Ctrl Pts',(1.64071251947495,-1.3106406175883,-0.284137057770617));
#1542=CARTESIAN_POINT('Ctrl Pts',(1.79545362326979,-1.08909333198305,-0.267908018810802));
#1543=CARTESIAN_POINT('Ctrl Pts',(2.01303251768433,-0.59840718022023,-0.23450957990285));
#1544=CARTESIAN_POINT('Ctrl Pts',(2.07341824284569,-0.333708265820981,-0.217850247143444));
#1545=CARTESIAN_POINT('Ctrl Pts',(2.08246406464164,-0.0432084226352003,
-0.200930123627914));
#1546=CARTESIAN_POINT('Ctrl Pts',(2.0828,-0.0215976794091981,-0.199679435732493));
#1547=CARTESIAN_POINT('Ctrl Pts',(2.0828,-3.92453715623151E-14,-0.198437500425122));
#1548=CARTESIAN_POINT('Ctrl Pts',(2.0828,-3.28740430449578E-14,-0.0992187504251332));
#1549=CARTESIAN_POINT('Ctrl Pts',(2.0828,-0.02062263562476,-0.100404617611519));
#1550=CARTESIAN_POINT('Ctrl Pts',(2.08249371186233,-0.0412567970250326,
-0.101598442794379));
#1551=CARTESIAN_POINT('Ctrl Pts',(2.07361828528044,-0.339784102484974,-0.118976112340133));
#1552=CARTESIAN_POINT('Ctrl Pts',(2.00980267057232,-0.613191384559129,-0.136217899102019));
#1553=CARTESIAN_POINT('Ctrl Pts',(1.78298851197523,-1.10932595670083,-0.170149610581552));
#1554=CARTESIAN_POINT('Ctrl Pts',(1.62589973762635,-1.32892896355815,-0.186205692557794));
#1555=CARTESIAN_POINT('Ctrl Pts',(1.22965253799601,-1.70391734212852,-0.217922863598884));
#1556=CARTESIAN_POINT('Ctrl Pts',(0.991462321102357,-1.85265919450544,-0.235162380952945));
#1557=CARTESIAN_POINT('Ctrl Pts',(0.480563914843518,-2.04419467918564,-0.269102771320865));
#1558=CARTESIAN_POINT('Ctrl Pts',(0.214254583590912,-2.08895106889606,-0.285189420740428));
#1559=CARTESIAN_POINT('Ctrl Pts',(-0.331213564888372,-2.07502017728343,
-0.316887388069708));
#1560=CARTESIAN_POINT('Ctrl Pts',(-0.604997187634571,-2.01230044475113,
-0.334124713236293));
#1561=CARTESIAN_POINT('Ctrl Pts',(-1.10221695941995,-1.78740369738568,-0.368073157092345));
#1562=CARTESIAN_POINT('Ctrl Pts',(-1.3225043431573,-1.63114149593308,-0.384188749347754));
#1563=CARTESIAN_POINT('Ctrl Pts',(-1.69916595426661,-1.23623447122229,-0.415868710111682));
#1564=CARTESIAN_POINT('Ctrl Pts',(-1.84888016829558,-0.998521826723674,
-0.433103925820256));
#1565=CARTESIAN_POINT('Ctrl Pts',(-2.04240022655525,-0.488175492089084,
-0.467059840064668));
#1566=CARTESIAN_POINT('Ctrl Pts',(-2.08815516835385,-0.221960068842205,
-0.483202788074831));
#1567=CARTESIAN_POINT('Ctrl Pts',(-2.0762151684493,0.323726267598111,-0.514865881649849));
#1568=CARTESIAN_POINT('Ctrl Pts',(-2.01445381191469,0.59783500057385,-0.532099074512623));
#1569=CARTESIAN_POINT('Ctrl Pts',(-1.79123359939741,1.09599959487726,-0.566061915952646));
#1570=CARTESIAN_POINT('Ctrl Pts',(-1.63569278529406,1.31688441767552,-0.582230677001165));
#1571=CARTESIAN_POINT('Ctrl Pts',(-1.24195720751558,1.69500327607443,-0.6138779854193));
#1572=CARTESIAN_POINT('Ctrl Pts',(-1.00466400000458,1.84556398673587,-0.63110924452557));
#1573=CARTESIAN_POINT('Ctrl Pts',(-0.494802102280329,2.04081401403121,-0.665078507535574));
#1574=CARTESIAN_POINT('Ctrl Pts',(-0.228668423908953,2.0874392425388,-0.681271588679308));
#1575=CARTESIAN_POINT('Ctrl Pts',(0.317205052986692,2.07723343270126,-0.712904137443801));
#1576=CARTESIAN_POINT('Ctrl Pts',(0.591594167189074,2.01630755602121,-0.730133553157103));
#1577=CARTESIAN_POINT('Ctrl Pts',(1.09057924224107,1.79454869890604,-0.764108767407412));
#1578=CARTESIAN_POINT('Ctrl Pts',(1.31198409907956,1.6396356747199,-0.780324729611405));
#1579=CARTESIAN_POINT('Ctrl Pts',(1.69136879179452,1.246920902782,-0.81194348883811));
#1580=CARTESIAN_POINT('Ctrl Pts',(1.84266453226611,1.00999469309575,-0.829171151777877));
#1581=CARTESIAN_POINT('Ctrl Pts',(2.03543072519035,0.510881505952072,-0.862463168276338));
#1582=CARTESIAN_POINT('Ctrl Pts',(2.0828,0.256467564709752,-0.878221049166381));
#1583=CARTESIAN_POINT('Ctrl Pts',(2.0828,-2.0122792321331E-15,-0.892968750425132));
#1584=CARTESIAN_POINT('Origin',(0.,-1.55530143491714E-15,-3.175));
#1585=CARTESIAN_POINT('',(2.0828,2.65579503843443E-8,-1.78593749737079));
#1586=CARTESIAN_POINT('',(2.0828,-2.39704762446183E-15,-1.68671875042513));
#1587=CARTESIAN_POINT('',(2.0828,-1.81037087024355E-15,-3.175));
#1588=CARTESIAN_POINT('Ctrl Pts',(2.0828,2.66457849534829E-8,-1.7859374988929));
#1589=CARTESIAN_POINT('Ctrl Pts',(2.0827999966118,0.264842836847052,-1.77070819428086));
#1590=CARTESIAN_POINT('Ctrl Pts',(2.0322842908603,0.527370398949989,-1.75440881080657));
#1591=CARTESIAN_POINT('Ctrl Pts',(1.83039151495774,1.03216285102675,-1.72057283612536));
#1592=CARTESIAN_POINT('Ctrl Pts',(1.67603536958544,1.26753289020471,-1.70336176340151));
#1593=CARTESIAN_POINT('Ctrl Pts',(1.29137499836773,1.65596069176573,-1.67186385937263));
#1594=CARTESIAN_POINT('Ctrl Pts',(1.06779188336412,1.80824532774475,-1.65544093727316));
#1595=CARTESIAN_POINT('Ctrl Pts',(0.565389866632047,2.02386264832487,-1.62141552082132));
#1596=CARTESIAN_POINT('Ctrl Pts',(0.289852864235123,2.08127650056609,-1.60420374939668));
#1597=CARTESIAN_POINT('Ctrl Pts',(-0.256776339262994,2.08420605429122,-1.57270105419274));
#1598=CARTESIAN_POINT('Ctrl Pts',(-0.522567467767512,2.03392405446289,-1.55628655149962));
#1599=CARTESIAN_POINT('Ctrl Pts',(-1.03036044308398,1.83140245629515,-1.5222630595199));
#1600=CARTESIAN_POINT('Ctrl Pts',(-1.26585882874107,1.67729536651105,-1.5050505386189));
#1601=CARTESIAN_POINT('Ctrl Pts',(-1.6546377425103,1.29306466204913,-1.47354267857847));
#1602=CARTESIAN_POINT('Ctrl Pts',(-1.80713717615538,1.06965961559412,-1.45713723243613));
#1603=CARTESIAN_POINT('Ctrl Pts',(-2.02325778221268,0.567535715369462,-1.42311582101169));
#1604=CARTESIAN_POINT('Ctrl Pts',(-2.08095947261619,0.292090934890248,-1.40590249673814));
#1605=CARTESIAN_POINT('Ctrl Pts',(-2.0844845792051,-0.254478196725078,-1.37438907062226));
#1606=CARTESIAN_POINT('Ctrl Pts',(-2.03450221519216,-0.520297342280313,
-1.3579933619161));
#1607=CARTESIAN_POINT('Ctrl Pts',(-1.83257657709578,-1.02826187701343,-1.32397419965476));
#1608=CARTESIAN_POINT('Ctrl Pts',(-1.67875941518196,-1.26390928970603,-1.30676001489908));
#1609=CARTESIAN_POINT('Ctrl Pts',(-1.29502881242468,-1.65309643240891,-1.27524059211502));
#1610=CARTESIAN_POINT('Ctrl Pts',(-1.07183087545218,-1.80584570902015,-1.25885534772275));
#1611=CARTESIAN_POINT('Ctrl Pts',(-0.570030722820666,-2.02255140730754,
-1.2248386167358));
#1612=CARTESIAN_POINT('Ctrl Pts',(-0.294693567655187,-2.08058771689604,
-1.20762351109905));
#1613=CARTESIAN_POINT('Ctrl Pts',(0.251805312360693,-2.08480534191967,-1.17609762985305));
#1614=CARTESIAN_POINT('Ctrl Pts',(0.517657040144192,-2.03517132214474,-1.15972362487925));
#1615=CARTESIAN_POINT('Ctrl Pts',(1.02582056659968,-1.83393849870742,-1.12570952183149));
#1616=CARTESIAN_POINT('Ctrl Pts',(1.26164079416365,-1.68045854814345,-1.10849343157084));
#1617=CARTESIAN_POINT('Ctrl Pts',(1.65130206266557,-1.29730950409805,-1.07696059695504));
#1618=CARTESIAN_POINT('Ctrl Pts',(1.8043416530203,-1.07435220883226,-1.06059865691942));
#1619=CARTESIAN_POINT('Ctrl Pts',(2.02172680357432,-0.57292858885061,-1.02658739415448));
#1620=CARTESIAN_POINT('Ctrl Pts',(2.08015168885136,-0.297716973998978,-1.00937025215557));
#1621=CARTESIAN_POINT('Ctrl Pts',(2.08277069012459,-0.0127601919788171,
-0.992921950158043));
#1622=CARTESIAN_POINT('Ctrl Pts',(2.0828,-0.00637947908450923,-0.992554340777159));
#1623=CARTESIAN_POINT('Ctrl Pts',(2.0828,-1.01740374744087E-15,-0.99218750042512));
#1624=CARTESIAN_POINT('Ctrl Pts',(2.0828,-1.0174037404901E-15,-0.892968750425132));
#1625=CARTESIAN_POINT('Ctrl Pts',(2.0828,-0.0110561435254159,-0.893604513867465));
#1626=CARTESIAN_POINT('Ctrl Pts',(2.0827119659791,-0.0221158652260177,-0.894242579845248));
#1627=CARTESIAN_POINT('Ctrl Pts',(2.0781009728736,-0.311540203966205,-0.910995227018996));
#1628=CARTESIAN_POINT('Ctrl Pts',(2.01790143729981,-0.586170781431993,-0.928221227208523));
#1629=CARTESIAN_POINT('Ctrl Pts',(1.79741291277802,-1.08586676246379,-0.962207063267614));
#1630=CARTESIAN_POINT('Ctrl Pts',(1.64304486304383,-1.30772313248767,-0.978464700199378));
#1631=CARTESIAN_POINT('Ctrl Pts',(1.25121723697068,-1.68820489624218,-1.01005857640474));
#1632=CARTESIAN_POINT('Ctrl Pts',(1.01461109421653,-1.84013745392788,-1.02728300256777));
#1633=CARTESIAN_POINT('Ctrl Pts',(0.505541923510142,-2.03819570493886,-1.06127356919123));
#1634=CARTESIAN_POINT('Ctrl Pts',(0.239540725485957,-2.0862333735944,-1.07755011887929));
#1635=CARTESIAN_POINT('Ctrl Pts',(-0.306630501040439,-2.07884009319318,
-1.10913279867706));
#1636=CARTESIAN_POINT('Ctrl Pts',(-0.581468777326793,-2.01927050825894,
-1.12635573766608));
#1637=CARTESIAN_POINT('Ctrl Pts',(-1.08177952738745,-1.79988365178942,-1.16035068470704));
#1638=CARTESIAN_POINT('Ctrl Pts',(-1.30402705567321,-1.64598765881049,-1.176644944724));
#1639=CARTESIAN_POINT('Ctrl Pts',(-1.68545775644941,-1.25492921801789,-1.20821719267306));
#1640=CARTESIAN_POINT('Ctrl Pts',(-1.83794097581868,-1.01860142176292,-1.22543872901344));
#1641=CARTESIAN_POINT('Ctrl Pts',(-2.03712808279968,-0.509853134246649,
-1.259437731594));
#1642=CARTESIAN_POINT('Ctrl Pts',(-2.08573344134941,-0.243905120730996,
-1.27574855996194));
#1643=CARTESIAN_POINT('Ctrl Pts',(-2.07946986150087,0.302383700958155,-1.30731109396845));
#1644=CARTESIAN_POINT('Ctrl Pts',(-2.02044549674626,0.577400453083238,-1.32453130950363));
#1645=CARTESIAN_POINT('Ctrl Pts',(-1.80201207620221,1.07824194363835,-1.35853406630047));
#1646=CARTESIAN_POINT('Ctrl Pts',(-1.64852420780329,1.30082769589329,-1.37486038083243));
#1647=CARTESIAN_POINT('Ctrl Pts',(-1.25813132481127,1.68307780345707,-1.40641387420706));
#1648=CARTESIAN_POINT('Ctrl Pts',(-1.02204499854624,1.83603638996284,-1.42363284783122));
#1649=CARTESIAN_POINT('Ctrl Pts',(-0.513574963160107,2.03619876148162,-1.45763907945858));
#1650=CARTESIAN_POINT('Ctrl Pts',(-0.247672867340155,2.08529453521731,-1.47397985668168));
#1651=CARTESIAN_POINT('Ctrl Pts',(0.298716585735745,2.08000654110286,-1.50552494022529));
#1652=CARTESIAN_POINT('Ctrl Pts',(0.57388657210897,2.02145321684646,-1.52274274769116));
#1653=CARTESIAN_POINT('Ctrl Pts',(1.07518559610143,1.80384347759341,-1.55675219517922));
#1654=CARTESIAN_POINT('Ctrl Pts',(1.29806331774011,1.65070788366153,-1.57310646891991));
#1655=CARTESIAN_POINT('Ctrl Pts',(1.68101994096778,1.26088988171136,-1.60464373301454));
#1656=CARTESIAN_POINT('Ctrl Pts',(1.83438830414206,1.02501258974421,-1.62186044680528));
#1657=CARTESIAN_POINT('Ctrl Pts',(2.03331287914133,0.522040178032557,-1.65552106500091));
#1658=CARTESIAN_POINT('Ctrl Pts',(2.0828,0.262134439586337,-1.67164518582438));
#1659=CARTESIAN_POINT('Ctrl Pts',(2.0828,-1.17961196366423E-15,-1.68671875042513));
#1660=CARTESIAN_POINT('Origin',(-1.69071939797216E-15,-1.11022302462516E-15,
-4.7625));
#1661=CARTESIAN_POINT('',(-1.5,-1.29392004449726E-15,-5.28226557215729));
#1662=CARTESIAN_POINT('',(-1.87441641784427E-15,-1.5,-5.28226557215729));
#1663=CARTESIAN_POINT('Origin',(-1.69071939797216E-15,-1.11022302462516E-15,
-5.28226557215729));
#1664=CARTESIAN_POINT('Origin',(-1.69071939797216E-15,-1.11022302462516E-15,
-5.28226557215729));
#1665=CARTESIAN_POINT('',(-1.78792573765448E-15,-1.11022302462516E-15,-6.35));
#1666=CARTESIAN_POINT('Origin',(-1.69071939797216E-15,-1.11022302462516E-15,
-4.7625));
#1667=CARTESIAN_POINT('Origin',(-1.69071939797216E-15,-1.11022302462516E-15,
-4.12315778607865));
#1668=CARTESIAN_POINT('',(-1.87441641784427E-15,-1.5,-2.96405));
#1669=CARTESIAN_POINT('',(-1.87441641784427E-15,-1.5,-4.12315778607865));
#1670=CARTESIAN_POINT('',(-1.5,-1.73899845478924E-15,-2.96405));
#1671=CARTESIAN_POINT('Origin',(-1.69071939797216E-15,-1.11022302462516E-15,
-2.96405));
#1672=CARTESIAN_POINT('Origin',(-1.69071939797216E-15,-1.11022302462516E-15,
-2.96405));
#1673=CARTESIAN_POINT('Origin',(0.,4.33680868994202E-15,1.934765625));
#1674=CARTESIAN_POINT('',(0.,4.33680868994202E-15,1.36192590478842));
#1675=CARTESIAN_POINT('',(-0.9921875,4.11996825544492E-15,1.934765625));
#1676=CARTESIAN_POINT('',(-0.9921875,4.21530076533912E-15,1.934765625));
#1677=CARTESIAN_POINT('',(-0.49609375,-0.859259580317369,1.934765625));
#1678=CARTESIAN_POINT('Origin',(0.,4.33680868994202E-15,1.934765625));
#1679=CARTESIAN_POINT('',(0.49609375,-0.859259580317369,1.934765625));
#1680=CARTESIAN_POINT('Origin',(0.,4.33680868994202E-15,1.934765625));
#1681=CARTESIAN_POINT('',(0.9921875,4.33680868994202E-15,1.934765625));
#1682=CARTESIAN_POINT('Origin',(0.,4.33680868994202E-15,1.934765625));
#1683=CARTESIAN_POINT('',(0.49609375,0.859259580317378,1.934765625));
#1684=CARTESIAN_POINT('Origin',(0.,4.33680868994202E-15,1.934765625));
#1685=CARTESIAN_POINT('',(-0.49609375,0.859259580317378,1.934765625));
#1686=CARTESIAN_POINT('Origin',(0.,4.33680868994202E-15,1.934765625));
#1687=CARTESIAN_POINT('Origin',(0.,4.33680868994202E-15,1.934765625));
#1688=CARTESIAN_POINT('Origin',(0.,3.29253733067297E-15,3.175));
#1689=CARTESIAN_POINT('',(0.9921875,-0.572839720211578,3.175));
#1690=CARTESIAN_POINT('',(0.9921875,0.572839720211596,3.175));
#1691=CARTESIAN_POINT('Ctrl Pts',(0.9921875,0.572839720211532,3.17499999999997));
#1692=CARTESIAN_POINT('Ctrl Pts',(0.9921875,7.16093850883226E-15,2.88858013989423));
#1693=CARTESIAN_POINT('Ctrl Pts',(0.9921875,-0.572839720211515,3.17499999999996));
#1694=CARTESIAN_POINT('Origin',(0.,3.29253733067297E-15,3.175));
#1695=CARTESIAN_POINT('Origin',(0.,-1.55530143491714E-15,-3.175));
#1696=CARTESIAN_POINT('',(1.26877024728891,0.920041631897477,-2.89680574819043));
#1697=CARTESIAN_POINT('',(1.5477237225142,-0.246588368738098,-2.89680574819052));
#1698=CARTESIAN_POINT('Origin',(2.77555756156289E-16,3.33066907387547E-15,
-2.89680574819044));
#1699=CARTESIAN_POINT('',(-7.39282428337777E-9,2.0828,-2.38125000000001));
#1700=CARTESIAN_POINT('Ctrl Pts',(1.54772372251403,-0.246588368738014,-2.89680574819062));
#1701=CARTESIAN_POINT('Ctrl Pts',(1.57518896995061,-0.170423021114932,-2.88166635549533));
#1702=CARTESIAN_POINT('Ctrl Pts',(1.61100261269234,-0.0518782208934147,
-2.85993629031561));
#1703=CARTESIAN_POINT('Ctrl Pts',(1.642140681038,0.229079685447057,-2.81040690740858));
#1704=CARTESIAN_POINT('Ctrl Pts',(1.64245921450939,0.351977167574299,-2.78863703240671));
#1705=CARTESIAN_POINT('Ctrl Pts',(1.60711171123866,0.6866414645032,-2.72913359578432));
#1706=CARTESIAN_POINT('Ctrl Pts',(1.5447371093357,0.89343854289252,-2.69214229440542));
#1707=CARTESIAN_POINT('Ctrl Pts',(1.31592722794294,1.33268975945096,-2.61176608869704));
#1708=CARTESIAN_POINT('Ctrl Pts',(1.14437540769917,1.51237936309012,-2.57593707743357));
#1709=CARTESIAN_POINT('Ctrl Pts',(0.870666480847841,1.74769604955068,-2.51960699702074));
#1710=CARTESIAN_POINT('Ctrl Pts',(0.718416311420537,1.84554271368447,-2.49163959235499));
#1711=CARTESIAN_POINT('Ctrl Pts',(0.315411632524541,2.03154502940895,-2.42475077857385));
#1712=CARTESIAN_POINT('Ctrl Pts',(0.108576472918659,2.06802773684592,-2.39602226352534));
#1713=CARTESIAN_POINT('Ctrl Pts',(-7.12168604993725E-9,2.08279999996311,
-2.3812500000369));
#1714=CARTESIAN_POINT('',(1.47276199862766,1.47276200908302,-2.38125000000001));
#1715=CARTESIAN_POINT('Origin',(0.,-1.55530143491714E-15,-2.38125000000001));
#1716=CARTESIAN_POINT('',(-1.76828916488917,-1.63185829541602E-15,-2.69576083511084));
#1717=CARTESIAN_POINT('Ctrl Pts',(1.47276199862766,1.47276200908302,-2.38125000000001));
#1718=CARTESIAN_POINT('Ctrl Pts',(1.62874076070434,1.30498038281436,-2.3895958861202));
#1719=CARTESIAN_POINT('Ctrl Pts',(1.72619205884068,1.14611269526085,-2.39685132536277));
#1720=CARTESIAN_POINT('Ctrl Pts',(1.8729455010278,0.863037395158413,-2.40945321688304));
#1721=CARTESIAN_POINT('Ctrl Pts',(1.93378285689111,0.695700583078433,-2.41658160996384));
#1722=CARTESIAN_POINT('Ctrl Pts',(2.02505426350617,0.285871996722095,-2.43332941851976));
#1723=CARTESIAN_POINT('Ctrl Pts',(2.04040610622901,0.0188867719250739,-2.44307896763769));
#1724=CARTESIAN_POINT('Ctrl Pts',(1.94927074268963,-0.516383645280737,-2.4644987556918));
#1725=CARTESIAN_POINT('Ctrl Pts',(1.85510897744693,-0.76267777727019,-2.47532619925075));
#1726=CARTESIAN_POINT('Ctrl Pts',(1.58973259784135,-1.18435965009236,-2.49584190099558));
#1727=CARTESIAN_POINT('Ctrl Pts',(1.41852282751102,-1.37708962313437,-2.50556288308824));
#1728=CARTESIAN_POINT('Ctrl Pts',(0.993198835983217,-1.68238306303098,-2.52683588342519));
#1729=CARTESIAN_POINT('Ctrl Pts',(0.760279720390274,-1.78800232783489,-2.5376700171679));
#1730=CARTESIAN_POINT('Ctrl Pts',(0.288284069607934,-1.89795529873776,-2.55829099775148));
#1731=CARTESIAN_POINT('Ctrl Pts',(0.0399743804730428,-1.91308266807343,
-2.56801130605306));
#1732=CARTESIAN_POINT('Ctrl Pts',(-0.457500678559018,-1.83473977381868,
-2.58910197862918));
#1733=CARTESIAN_POINT('Ctrl Pts',(-0.690021343392894,-1.74896859084102,
-2.59994275413589));
#1734=CARTESIAN_POINT('Ctrl Pts',(-1.09964985829752,-1.49748454952331,-2.62109954177906));
#1735=CARTESIAN_POINT('Ctrl Pts',(-1.27706195204021,-1.33623185153481,-2.63081773196422));
#1736=CARTESIAN_POINT('Ctrl Pts',(-1.48709383053088,-1.05226692126498,-2.64607349320099));
#1737=CARTESIAN_POINT('Ctrl Pts',(-1.54734127185501,-0.951595487063968,
-2.65128174901064));
#1738=CARTESIAN_POINT('Ctrl Pts',(-1.69537620188782,-0.63854890662276,-2.6669412914544));
#1739=CARTESIAN_POINT('Ctrl Pts',(-1.75284004370096,-0.414472374328822,
-2.6774942065786));
#1740=CARTESIAN_POINT('Ctrl Pts',(-1.77038470292701,-0.12416846087674,-2.69038285330527));
#1741=CARTESIAN_POINT('Ctrl Pts',(-1.77095620987179,-0.0621115429603156,
-2.69309379012821));
#1742=CARTESIAN_POINT('Ctrl Pts',(-1.76828916488917,-1.83880688453542E-15,
-2.69576083511084));
#1743=CARTESIAN_POINT('',(-1.28905,-1.71316453056123E-15,-3.175));
#1744=CARTESIAN_POINT('Ctrl Pts',(-1.76828916488917,-1.79542154062252E-15,
-2.69576083511084));
#1745=CARTESIAN_POINT('Ctrl Pts',(-1.76602507287176,0.0527273628759126,
-2.69802492712824));
#1746=CARTESIAN_POINT('Ctrl Pts',(-1.76134577109477,0.105486967114371,-2.70034115950183));
#1747=CARTESIAN_POINT('Ctrl Pts',(-1.72344686377278,0.385972675977793,-2.71293399009617));
#1748=CARTESIAN_POINT('Ctrl Pts',(-1.64760246061818,0.605576304971578,-2.72378945179713));
#1749=CARTESIAN_POINT('Ctrl Pts',(-1.47447477368553,0.900512034358596,-2.73995700660612));
#1750=CARTESIAN_POINT('Ctrl Pts',(-1.40860051993088,0.991334851613697,-2.74521433751471));
#1751=CARTESIAN_POINT('Ctrl Pts',(-1.18604601319357,1.24294192268998,-2.76065554821811));
#1752=CARTESIAN_POINT('Ctrl Pts',(-1.00676181780522,1.38017697381838,-2.77053698817002));
#1753=CARTESIAN_POINT('Ctrl Pts',(-0.608884296435165,1.57227197350347,-2.79197199252201));
#1754=CARTESIAN_POINT('Ctrl Pts',(-0.39707238423595,1.62766925733043,-2.80271549400171));
#1755=CARTESIAN_POINT('Ctrl Pts',(0.0190076593180766,1.65343033204217,-2.82261880986226));
#1756=CARTESIAN_POINT('Ctrl Pts',(0.236111273992235,1.6310053411654,-2.83248007572122));
#1757=CARTESIAN_POINT('Ctrl Pts',(0.619055014096484,1.49747120153848,-2.85291166282597));
#1758=CARTESIAN_POINT('Ctrl Pts',(0.772219776902531,1.41448546779004,-2.86179850595772));
#1759=CARTESIAN_POINT('Ctrl Pts',(1.00535461462637,1.23446486847121,-2.87662273781589));
#1760=CARTESIAN_POINT('Ctrl Pts',(1.14526219246305,1.11002496067512,-2.88526368858442));
#1761=CARTESIAN_POINT('Ctrl Pts',(1.26877024730516,0.920041631872489,-2.89680574819195));
#1762=CARTESIAN_POINT('Origin',(0.,-1.55530143491714E-15,-3.175));
#1763=CARTESIAN_POINT('Ctrl Pts',(2.0828,-1.0174037404901E-15,-1.68671875042513));
#1764=CARTESIAN_POINT('Ctrl Pts',(2.0828,-0.00564823436278726,-1.68704354187826));
#1765=CARTESIAN_POINT('Ctrl Pts',(2.08277702428751,-0.0112974410722688,
-1.68736893645888));
#1766=CARTESIAN_POINT('Ctrl Pts',(2.08046398206009,-0.295554707329845,-1.70376972655927));
#1767=CARTESIAN_POINT('Ctrl Pts',(2.02231698110364,-0.570856161943249,-1.72098541581431));
#1768=CARTESIAN_POINT('Ctrl Pts',(1.80541773284684,-1.07254911756049,-1.75500059272163));
#1769=CARTESIAN_POINT('Ctrl Pts',(1.65258577644625,-1.29567851926026,-1.77137918156144));
#1770=CARTESIAN_POINT('Ctrl Pts',(1.26326358000144,-1.67924354622324,-1.80290242658292));
#1771=CARTESIAN_POINT('Ctrl Pts',(1.02756691193459,-1.83296470707511,-1.82011715706909));
#1772=CARTESIAN_POINT('Ctrl Pts',(0.519545666234396,-2.03469307001219,-1.85413488157464));
#1773=CARTESIAN_POINT('Ctrl Pts',(0.253717244385514,-2.08457624627322,-1.87052439442008));
#1774=CARTESIAN_POINT('Ctrl Pts',(-0.292831929145995,-2.08085396827615,
-1.90204136922983));
#1775=CARTESIAN_POINT('Ctrl Pts',(-0.56824610942837,-2.02305699708561,-1.91925520334984));
#1776=CARTESIAN_POINT('Ctrl Pts',(-1.07027787161376,-1.80676979071528,-1.95327528473047));
#1777=CARTESIAN_POINT('Ctrl Pts',(-1.29362395590777,-1.65419923065756,-1.96967496599897));
#1778=CARTESIAN_POINT('Ctrl Pts',(-1.67771232557009,-1.26530408189356,-2.00118611970678));
#1779=CARTESIAN_POINT('Ctrl Pts',(-1.83173690336804,-1.02976324206421,-2.01839911653832));
#1780=CARTESIAN_POINT('Ctrl Pts',(-2.03408886684647,-0.52192139748647,-2.05242137819634));
#1781=CARTESIAN_POINT('Ctrl Pts',(-2.08428557896623,-0.25612229512668,-2.06883051964375));
#1782=CARTESIAN_POINT('Ctrl Pts',(-2.08118652080261,0.290489843190632,-2.10033627090417));
#1783=CARTESIAN_POINT('Ctrl Pts',(-2.02369073820361,0.566000629094386,-2.11754848626362));
#1784=CARTESIAN_POINT('Ctrl Pts',(-1.80793016302173,1.06832351743624,-2.15157276470565));
#1785=CARTESIAN_POINT('Ctrl Pts',(-1.65558439785228,1.29185595503132,-2.16799070318177));
#1786=CARTESIAN_POINT('Ctrl Pts',(-1.26705665977943,1.67639407450505,-2.19949144201352));
#1787=CARTESIAN_POINT('Ctrl Pts',(-1.03165007354282,1.83067936051241,-2.21670292853913));
#1788=CARTESIAN_POINT('Ctrl Pts',(-0.523962758780312,2.03356738349808,-2.25072907242461));
#1789=CARTESIAN_POINT('Ctrl Pts',(-0.25818885192114,2.08403360929308,-2.26715518762217));
#1790=CARTESIAN_POINT('Ctrl Pts',(0.288477122181685,2.08147016009261,-2.2986512771551));
#1791=CARTESIAN_POINT('Ctrl Pts',(0.564070662993032,2.02423328352753,-2.31586208440528));
#1792=CARTESIAN_POINT('Ctrl Pts',(1.06391208166546,1.81009557575433,-2.34970501601918));
#1793=CARTESIAN_POINT('Ctrl Pts',(1.28538661665574,1.66013738972472,-2.36601230025197));
#1794=CARTESIAN_POINT('Ctrl Pts',(1.4727619986276,1.47276200908308,-2.38125));
#1795=CARTESIAN_POINT('Ctrl Pts',(-7.39174894903716E-9,2.0828,-2.38125000000007));
#1796=CARTESIAN_POINT('Ctrl Pts',(-0.26637856110669,2.08279999905464,-2.36593238530619));
#1797=CARTESIAN_POINT('Ctrl Pts',(-0.530373087630412,2.03169845221583,-2.34953469279772));
#1798=CARTESIAN_POINT('Ctrl Pts',(-1.0361739831345,1.82813336756014,-2.3156008973668));
#1799=CARTESIAN_POINT('Ctrl Pts',(-1.27125722996752,1.67322282180747,-2.29839311107811));
#1800=CARTESIAN_POINT('Ctrl Pts',(-1.65890201002023,1.28760578373923,-2.26691744681902));
#1801=CARTESIAN_POINT('Ctrl Pts',(-1.8107079146719,1.06362576483672,-2.25045521683456));
#1802=CARTESIAN_POINT('Ctrl Pts',(-2.02520266241683,0.560604628214884,-2.21642093713521));
#1803=CARTESIAN_POINT('Ctrl Pts',(-2.0819744809831,0.284863108801997,-2.19921269767596));
#1804=CARTESIAN_POINT('Ctrl Pts',(-2.08357612178389,-0.261898896181585,
-2.16773399499283));
#1805=CARTESIAN_POINT('Ctrl Pts',(-2.03262579591772,-0.527627563552021,
-2.1512771571937));
#1806=CARTESIAN_POINT('Ctrl Pts',(-1.82877486925358,-1.03503657457668,-2.11724408164731));
#1807=CARTESIAN_POINT('Ctrl Pts',(-1.67402155123492,-1.27020130883122,-2.10003535451606));
#1808=CARTESIAN_POINT('Ctrl Pts',(-1.28867585525261,-1.6580683560919,-2.06855337217202));
#1809=CARTESIAN_POINT('Ctrl Pts',(-1.06480847152372,-1.81001011183527,-2.05210234691729));
#1810=CARTESIAN_POINT('Ctrl Pts',(-0.56196292121778,-2.0248235376975,-2.01807057352241));
#1811=CARTESIAN_POINT('Ctrl Pts',(-0.286279294533657,-2.08177761971173,
-2.00086132181875));
#1812=CARTESIAN_POINT('Ctrl Pts',(0.260445177116302,-2.08375616626533,-1.96937580005379));
#1813=CARTESIAN_POINT('Ctrl Pts',(0.526191571888041,-2.03299556513735,-1.95293103866772));
#1814=CARTESIAN_POINT('Ctrl Pts',(1.03370976646492,-1.8295220172457,-1.91890067335128));
#1815=CARTESIAN_POINT('Ctrl Pts',(1.26896939344124,-1.67495208795708,-1.90169085764818));
#1816=CARTESIAN_POINT('Ctrl Pts',(1.6570954879508,-1.28992285060028,-1.87020151686229));
#1817=CARTESIAN_POINT('Ctrl Pts',(1.80919561569807,-1.06618676982453,-1.85376350361094));
#1818=CARTESIAN_POINT('Ctrl Pts',(2.0243804269861,-0.563546017343451,-1.8197346608608));
#1819=CARTESIAN_POINT('Ctrl Pts',(2.08154691601935,-0.287930024454938,-1.80252423907735));
#1820=CARTESIAN_POINT('Ctrl Pts',(2.08279321112615,-0.00614084824750161,
-1.78629078042704));
#1821=CARTESIAN_POINT('Ctrl Pts',(2.08280000003928,-0.00307026445918978,
-1.78611405040453));
#1822=CARTESIAN_POINT('Ctrl Pts',(2.0828,2.6645784576411E-8,-1.7859374988929));
#1823=CARTESIAN_POINT('Origin',(0.,-1.55530143491714E-15,2.88332154788336));
#1824=CARTESIAN_POINT('',(-1.5739109169176,-0.546955357600227,3.175));
#1825=CARTESIAN_POINT('',(0.726167235336137,-1.49967892694546,3.175));
#1826=CARTESIAN_POINT('Origin',(0.,-1.55530143491714E-15,3.175));
#1827=CARTESIAN_POINT('Ctrl Pts',(0.726167235336135,-1.49967892694546,3.175));
#1828=CARTESIAN_POINT('Ctrl Pts',(0.651096107517727,-1.62046280038391,3.12178901926787));
#1829=CARTESIAN_POINT('Ctrl Pts',(0.559467779405841,-1.73119214829323,3.07084325997196));
#1830=CARTESIAN_POINT('Ctrl Pts',(0.34889790191427,-1.92695839389408,2.97333192214818));
#1831=CARTESIAN_POINT('Ctrl Pts',(0.230780252925808,-2.01129871483207,2.92712346845619));
#1832=CARTESIAN_POINT('Ctrl Pts',(0.10290238678511,-2.08025645986084,2.88332154788356));
#1833=CARTESIAN_POINT('Ctrl Pts',(1.54372642487091,-1.39820047387888,2.88332154788338));
#1834=CARTESIAN_POINT('Ctrl Pts',(1.6511993067372,-1.26801731247762,2.88873865242547));
#1835=CARTESIAN_POINT('Ctrl Pts',(1.74214689583563,-1.12505531449397,2.89439993408644));
#1836=CARTESIAN_POINT('Ctrl Pts',(1.884303623913,-0.825441923899929,2.90577511521499));
#1837=CARTESIAN_POINT('Ctrl Pts',(1.93629220202225,-0.670532234531045,2.91143924620873));
#1838=CARTESIAN_POINT('Ctrl Pts',(2.01703687671407,-0.281351116185491,2.92516915526767));
#1839=CARTESIAN_POINT('Ctrl Pts',(2.0311546851852,-0.0152671241247635,2.93358609309213));
#1840=CARTESIAN_POINT('Ctrl Pts',(1.93212282507532,0.520737852437146,2.95230970800658));
#1841=CARTESIAN_POINT('Ctrl Pts',(1.83527901502965,0.763635104642208,2.96166710897269));
#1842=CARTESIAN_POINT('Ctrl Pts',(1.5706422273121,1.17099596174919,2.9791214376115));
#1843=CARTESIAN_POINT('Ctrl Pts',(1.40021047750727,1.36140733280743,2.98754037854854));
#1844=CARTESIAN_POINT('Ctrl Pts',(0.972604039800016,1.6596005080745,3.00612225957265));
#1845=CARTESIAN_POINT('Ctrl Pts',(0.741982442963166,1.76035115219564,3.01548547819141));
#1846=CARTESIAN_POINT('Ctrl Pts',(0.279047779773814,1.86132624135773,3.03322180121913));
#1847=CARTESIAN_POINT('Ctrl Pts',(0.0272997518295548,1.87528751050271,3.04186708644675));
#1848=CARTESIAN_POINT('Ctrl Pts',(-0.459870149713503,1.78590859259477,3.06028070146065));
#1849=CARTESIAN_POINT('Ctrl Pts',(-0.674216807910427,1.70292717632836,3.06918781590243));
#1850=CARTESIAN_POINT('Ctrl Pts',(-0.966713621157578,1.52062717447973,3.08265609566692));
#1851=CARTESIAN_POINT('Ctrl Pts',(-1.05964861529368,1.44940001909437,3.08718731989628));
#1852=CARTESIAN_POINT('Ctrl Pts',(-1.23111149770439,1.28950808793807,3.09607783770004));
#1853=CARTESIAN_POINT('Ctrl Pts',(-1.31036225130717,1.19995825599383,3.10040405703867));
#1854=CARTESIAN_POINT('Ctrl Pts',(-1.50579580722655,0.925711418663219,3.11339796327408));
#1855=CARTESIAN_POINT('Ctrl Pts',(-1.59755321447934,0.72663102418027,3.12224472731577));
#1856=CARTESIAN_POINT('Ctrl Pts',(-1.70393215986974,0.300357627962716,3.14019682371385));
#1857=CARTESIAN_POINT('Ctrl Pts',(-1.70745963277585,0.110797714635325,3.1476222587776));
#1858=CARTESIAN_POINT('Ctrl Pts',(-1.68438573178768,-0.207016482943187,
3.16000949896942));
#1859=CARTESIAN_POINT('Ctrl Pts',(-1.64271453598048,-0.382006643001609,
3.16740590836117));
#1860=CARTESIAN_POINT('Ctrl Pts',(-1.57391091691713,-0.546955357601356,
3.17500000000005));
#1861=CARTESIAN_POINT('Origin',(0.9921875,0.572839720211587,1.934765625));
#1862=CARTESIAN_POINT('',(-0.9921875,0.572839720211587,1.934765625));
#1863=CARTESIAN_POINT('',(-0.9921875,0.572839720211587,1.934765625));
#1864=CARTESIAN_POINT('',(9.6679437938076E-17,1.14567944042317,1.934765625));
#1865=CARTESIAN_POINT('Origin',(0.9921875,0.572839720211587,1.934765625));
#1866=CARTESIAN_POINT('',(9.6679437938076E-17,1.14567944042317,1.934765625));
#1867=CARTESIAN_POINT('',(9.6679437938076E-17,1.14567944042317,1.934765625));
#1868=CARTESIAN_POINT('',(0.9921875,0.572839720211587,1.934765625));
#1869=CARTESIAN_POINT('Origin',(0.9921875,0.572839720211587,1.934765625));
#1870=CARTESIAN_POINT('',(0.9921875,0.572839720211587,1.934765625));
#1871=CARTESIAN_POINT('',(0.9921875,0.572839720211587,1.934765625));
#1872=CARTESIAN_POINT('',(0.9921875,-0.572839720211578,1.934765625));
#1873=CARTESIAN_POINT('Origin',(0.9921875,0.572839720211587,1.934765625));
#1874=CARTESIAN_POINT('',(0.9921875,-0.572839720211578,1.934765625));
#1875=CARTESIAN_POINT('',(0.9921875,-0.572839720211578,1.934765625));
#1876=CARTESIAN_POINT('',(-1.7458251427972E-16,-1.14567944042316,1.934765625));
#1877=CARTESIAN_POINT('Origin',(0.9921875,0.572839720211587,1.934765625));
#1878=CARTESIAN_POINT('',(-1.7458251427972E-16,-1.14567944042316,1.934765625));
#1879=CARTESIAN_POINT('',(-1.7458251427972E-16,-1.14567944042316,1.934765625));
#1880=CARTESIAN_POINT('',(-0.9921875,-0.572839720211577,1.934765625));
#1881=CARTESIAN_POINT('Origin',(0.,-1.55530143491714E-15,3.175));
#1882=CARTESIAN_POINT('Ctrl Pts',(5.56310709304286E-9,-1.56724425180957,
3.175));
#1883=CARTESIAN_POINT('Ctrl Pts',(0.121671535296239,-1.58334894114111,3.175));
#1884=CARTESIAN_POINT('Ctrl Pts',(0.244739579043074,-1.58575004795376,3.17500000119745));
#1885=CARTESIAN_POINT('Ctrl Pts',(0.489112546783315,-1.56300869150827,3.17500000119745));
#1886=CARTESIAN_POINT('Ctrl Pts',(0.609590724325893,-1.53795125943983,3.175));
#1887=CARTESIAN_POINT('Ctrl Pts',(0.726167235336135,-1.49967892694546,3.175));
#1888=CARTESIAN_POINT('Origin',(-0.111902862108867,0.19231450197793,3.17500000000004));
#1889=CARTESIAN_POINT('',(5.52943107967607E-15,1.14567944042317,3.175));
#1890=CARTESIAN_POINT('Origin',(0.,3.29253733067297E-15,3.175));
#1891=CARTESIAN_POINT('',(9.97465998686664E-15,-1.14567944042317,3.175));
#1892=CARTESIAN_POINT('Origin',(0.,3.29253733067297E-15,3.175));
#1893=CARTESIAN_POINT('',(-0.9921875,-0.572839720211588,3.175));
#1894=CARTESIAN_POINT('Origin',(0.,3.29253733067297E-15,3.175));
#1895=CARTESIAN_POINT('',(-0.992187500000006,0.572839720211584,3.175));
#1896=CARTESIAN_POINT('Origin',(0.,3.29253733067297E-15,3.175));
#1897=CARTESIAN_POINT('Origin',(0.,3.29253733067297E-15,3.175));
#1898=CARTESIAN_POINT('Ctrl Pts',(2.08280699330179,-1.34943083492441E-7,
-3.37343347060008));
#1899=CARTESIAN_POINT('Ctrl Pts',(2.08280704919704,0.862726769488045,-3.32382409560008));
#1900=CARTESIAN_POINT('Ctrl Pts',(1.47276704428563,1.47276685344729,-3.27421472060008));
#1901=CARTESIAN_POINT('Ctrl Pts',(0.86272703937421,2.08280693740653,-3.22460534560008));
#1902=CARTESIAN_POINT('Ctrl Pts',(1.34943082064674E-7,2.08280699330179,
-3.17499597060008));
#1903=CARTESIAN_POINT('Ctrl Pts',(-0.862726769488046,2.08280704919704,-3.12538659560008));
#1904=CARTESIAN_POINT('Ctrl Pts',(-1.47276685344729,1.47276704428562,-3.07577722060008));
#1905=CARTESIAN_POINT('Ctrl Pts',(-2.08280693740653,0.862727039374209,-3.02616784560008));
#1906=CARTESIAN_POINT('Ctrl Pts',(-2.08280699330179,1.34943080636908E-7,
-2.97655847060008));
#1907=CARTESIAN_POINT('Ctrl Pts',(-2.08280704919704,-0.862726769488048,
-2.92694909560008));
#1908=CARTESIAN_POINT('Ctrl Pts',(-1.47276704428563,-1.47276685344729,-2.87733972060008));
#1909=CARTESIAN_POINT('Ctrl Pts',(-0.862727039374212,-2.08280693740653,
-2.82773034560008));
#1910=CARTESIAN_POINT('Ctrl Pts',(-1.34943082319745E-7,-2.08280699330179,
-2.77812097060008));
#1911=CARTESIAN_POINT('Ctrl Pts',(0.862726769488047,-2.08280704919704,-2.72851159560008));
#1912=CARTESIAN_POINT('Ctrl Pts',(1.47276685344729,-1.47276704428563,-2.67890222060008));
#1913=CARTESIAN_POINT('Ctrl Pts',(2.08280693740653,-0.862727039374214,-2.62929284560008));
#1914=CARTESIAN_POINT('Ctrl Pts',(2.08280699330179,-1.34943083492441E-7,
-2.57968347060008));
#1915=CARTESIAN_POINT('Ctrl Pts',(2.08280704919704,0.862726769488045,-2.53007409560008));
#1916=CARTESIAN_POINT('Ctrl Pts',(1.47276704428563,1.47276685344729,-2.48046472060008));
#1917=CARTESIAN_POINT('Ctrl Pts',(0.86272703937421,2.08280693740653,-2.43085534560008));
#1918=CARTESIAN_POINT('Ctrl Pts',(1.34943082064674E-7,2.08280699330179,
-2.38124597060008));
#1919=CARTESIAN_POINT('Ctrl Pts',(-0.862726769488046,2.08280704919704,-2.33163659560008));
#1920=CARTESIAN_POINT('Ctrl Pts',(-1.47276685344729,1.47276704428562,-2.28202722060008));
#1921=CARTESIAN_POINT('Ctrl Pts',(-2.08280693740653,0.862727039374209,-2.23241784560008));
#1922=CARTESIAN_POINT('Ctrl Pts',(-2.08280699330179,1.34943080636908E-7,
-2.18280847060008));
#1923=CARTESIAN_POINT('Ctrl Pts',(-2.08280704919704,-0.862726769488048,
-2.13319909560008));
#1924=CARTESIAN_POINT('Ctrl Pts',(-1.47276704428563,-1.47276685344729,-2.08358972060008));
#1925=CARTESIAN_POINT('Ctrl Pts',(-0.862727039374212,-2.08280693740653,
-2.03398034560008));
#1926=CARTESIAN_POINT('Ctrl Pts',(-1.34943082319745E-7,-2.08280699330179,
-1.98437097060008));
#1927=CARTESIAN_POINT('Ctrl Pts',(0.862726769488047,-2.08280704919704,-1.93476159560008));
#1928=CARTESIAN_POINT('Ctrl Pts',(1.47276685344729,-1.47276704428563,-1.88515222060008));
#1929=CARTESIAN_POINT('Ctrl Pts',(2.08280693740653,-0.862727039374214,-1.83554284560008));
#1930=CARTESIAN_POINT('Ctrl Pts',(2.08280699330179,-1.34943083492441E-7,
-1.78593347060008));
#1931=CARTESIAN_POINT('Ctrl Pts',(2.08280704919704,0.862726769488045,-1.73632409560008));
#1932=CARTESIAN_POINT('Ctrl Pts',(1.47276704428563,1.47276685344729,-1.68671472060008));
#1933=CARTESIAN_POINT('Ctrl Pts',(0.86272703937421,2.08280693740653,-1.63710534560008));
#1934=CARTESIAN_POINT('Ctrl Pts',(1.34943082064674E-7,2.08280699330179,
-1.58749597060008));
#1935=CARTESIAN_POINT('Ctrl Pts',(-0.862726769488046,2.08280704919704,-1.53788659560008));
#1936=CARTESIAN_POINT('Ctrl Pts',(-1.47276685344729,1.47276704428562,-1.48827722060008));
#1937=CARTESIAN_POINT('Ctrl Pts',(-2.08280693740653,0.862727039374209,-1.43866784560008));
#1938=CARTESIAN_POINT('Ctrl Pts',(-2.08280699330179,1.34943080636908E-7,
-1.38905847060008));
#1939=CARTESIAN_POINT('Ctrl Pts',(-2.08280704919704,-0.862726769488048,
-1.33944909560008));
#1940=CARTESIAN_POINT('Ctrl Pts',(-1.47276704428563,-1.47276685344729,-1.28983972060008));
#1941=CARTESIAN_POINT('Ctrl Pts',(-0.862727039374212,-2.08280693740653,
-1.24023034560008));
#1942=CARTESIAN_POINT('Ctrl Pts',(-1.34943082319745E-7,-2.08280699330179,
-1.19062097060008));
#1943=CARTESIAN_POINT('Ctrl Pts',(0.862726769488047,-2.08280704919704,-1.14101159560008));
#1944=CARTESIAN_POINT('Ctrl Pts',(1.47276685344729,-1.47276704428563,-1.09140222060008));
#1945=CARTESIAN_POINT('Ctrl Pts',(2.08280693740653,-0.862727039374214,-1.04179284560008));
#1946=CARTESIAN_POINT('Ctrl Pts',(2.08280699330179,-1.34943083492441E-7,
-0.99218347060008));
#1947=CARTESIAN_POINT('Ctrl Pts',(2.08280704919704,0.862726769488045,-0.94257409560008));
#1948=CARTESIAN_POINT('Ctrl Pts',(1.47276704428563,1.47276685344729,-0.892964720600079));
#1949=CARTESIAN_POINT('Ctrl Pts',(0.86272703937421,2.08280693740653,-0.84335534560008));
#1950=CARTESIAN_POINT('Ctrl Pts',(1.34943082064674E-7,2.08280699330179,
-0.79374597060008));
#1951=CARTESIAN_POINT('Ctrl Pts',(-0.862726769488046,2.08280704919704,-0.74413659560008));
#1952=CARTESIAN_POINT('Ctrl Pts',(-1.47276685344729,1.47276704428562,-0.69452722060008));
#1953=CARTESIAN_POINT('Ctrl Pts',(-2.08280693740653,0.862727039374209,-0.644917845600079));
#1954=CARTESIAN_POINT('Ctrl Pts',(-2.08280699330179,1.34943080636908E-7,
-0.59530847060008));
#1955=CARTESIAN_POINT('Ctrl Pts',(-2.08280704919704,-0.862726769488048,
-0.545699095600079));
#1956=CARTESIAN_POINT('Ctrl Pts',(-1.47276704428563,-1.47276685344729,-0.49608972060008));
#1957=CARTESIAN_POINT('Ctrl Pts',(-0.862727039374212,-2.08280693740653,
-0.44648034560008));
#1958=CARTESIAN_POINT('Ctrl Pts',(-1.34943082319745E-7,-2.08280699330179,
-0.396870970600079));
#1959=CARTESIAN_POINT('Ctrl Pts',(0.862726769488047,-2.08280704919704,-0.34726159560008));
#1960=CARTESIAN_POINT('Ctrl Pts',(1.47276685344729,-1.47276704428563,-0.29765222060008));
#1961=CARTESIAN_POINT('Ctrl Pts',(2.08280693740653,-0.862727039374214,-0.24804284560008));
#1962=CARTESIAN_POINT('Ctrl Pts',(2.08280699330179,-1.34943083492441E-7,
-0.19843347060008));
#1963=CARTESIAN_POINT('Ctrl Pts',(2.08280704919704,0.862726769488045,-0.148824095600079));
#1964=CARTESIAN_POINT('Ctrl Pts',(1.47276704428563,1.47276685344729,-0.0992147206000797));
#1965=CARTESIAN_POINT('Ctrl Pts',(0.86272703937421,2.08280693740653,-0.0496053456000795));
#1966=CARTESIAN_POINT('Ctrl Pts',(1.34943082064674E-7,2.08280699330179,
4.02939992020185E-6));
#1967=CARTESIAN_POINT('Ctrl Pts',(-0.862726769488046,2.08280704919704,0.0496134043999204));
#1968=CARTESIAN_POINT('Ctrl Pts',(-1.47276685344729,1.47276704428562,0.0992227793999206));
#1969=CARTESIAN_POINT('Ctrl Pts',(-2.08280693740653,0.862727039374209,0.14883215439992));
#1970=CARTESIAN_POINT('Ctrl Pts',(-2.08280699330179,1.34943080636908E-7,
0.19844152939992));
#1971=CARTESIAN_POINT('Ctrl Pts',(-2.08280704919704,-0.862726769488048,
0.24805090439992));
#1972=CARTESIAN_POINT('Ctrl Pts',(-1.47276704428563,-1.47276685344729,0.29766027939992));
#1973=CARTESIAN_POINT('Ctrl Pts',(-0.862727039374212,-2.08280693740653,
0.347269654399921));
#1974=CARTESIAN_POINT('Ctrl Pts',(-1.34943082319745E-7,-2.08280699330179,
0.39687902939992));
#1975=CARTESIAN_POINT('Ctrl Pts',(0.862726769488047,-2.08280704919704,0.446488404399921));
#1976=CARTESIAN_POINT('Ctrl Pts',(1.47276685344729,-1.47276704428563,0.49609777939992));
#1977=CARTESIAN_POINT('Ctrl Pts',(2.08280693740653,-0.862727039374214,0.54570715439992));
#1978=CARTESIAN_POINT('Ctrl Pts',(2.08280699330179,-1.34943083492441E-7,
0.595316529399921));
#1979=CARTESIAN_POINT('Ctrl Pts',(2.08280704919704,0.862726769488045,0.64492590439992));
#1980=CARTESIAN_POINT('Ctrl Pts',(1.47276704428563,1.47276685344729,0.69453527939992));
#1981=CARTESIAN_POINT('Ctrl Pts',(0.86272703937421,2.08280693740653,0.744144654399921));
#1982=CARTESIAN_POINT('Ctrl Pts',(1.34943082064674E-7,2.08280699330179,
0.79375402939992));
#1983=CARTESIAN_POINT('Ctrl Pts',(-0.862726769488046,2.08280704919704,0.84336340439992));
#1984=CARTESIAN_POINT('Ctrl Pts',(-1.47276685344729,1.47276704428562,0.892972779399921));
#1985=CARTESIAN_POINT('Ctrl Pts',(-2.08280693740653,0.862727039374209,0.942582154399921));
#1986=CARTESIAN_POINT('Ctrl Pts',(-2.08280699330179,1.34943080636908E-7,
0.99219152939992));
#1987=CARTESIAN_POINT('Ctrl Pts',(-2.08280704919704,-0.862726769488048,
1.04180090439992));
#1988=CARTESIAN_POINT('Ctrl Pts',(-1.47276704428563,-1.47276685344729,1.09141027939992));
#1989=CARTESIAN_POINT('Ctrl Pts',(-0.862727039374212,-2.08280693740653,
1.14101965439992));
#1990=CARTESIAN_POINT('Ctrl Pts',(-1.34943082319745E-7,-2.08280699330179,
1.19062902939992));
#1991=CARTESIAN_POINT('Ctrl Pts',(0.862726769488047,-2.08280704919704,1.24023840439992));
#1992=CARTESIAN_POINT('Ctrl Pts',(1.47276685344729,-1.47276704428563,1.28984777939992));
#1993=CARTESIAN_POINT('Ctrl Pts',(2.08280693740653,-0.862727039374214,1.33945715439992));
#1994=CARTESIAN_POINT('Ctrl Pts',(2.08280699330179,-1.34943083492441E-7,
1.38906652939992));
#1995=CARTESIAN_POINT('Ctrl Pts',(2.08280704919704,0.862726769488045,1.43867590439992));
#1996=CARTESIAN_POINT('Ctrl Pts',(1.47276704428563,1.47276685344729,1.48828527939992));
#1997=CARTESIAN_POINT('Ctrl Pts',(0.86272703937421,2.08280693740653,1.53789465439992));
#1998=CARTESIAN_POINT('Ctrl Pts',(1.34943082064674E-7,2.08280699330179,
1.58750402939992));
#1999=CARTESIAN_POINT('Ctrl Pts',(-0.862726769488046,2.08280704919704,1.63711340439992));
#2000=CARTESIAN_POINT('Ctrl Pts',(-1.47276685344729,1.47276704428562,1.68672277939992));
#2001=CARTESIAN_POINT('Ctrl Pts',(-2.08280693740653,0.862727039374209,1.73633215439992));
#2002=CARTESIAN_POINT('Ctrl Pts',(-2.08280699330179,1.34943080636908E-7,
1.78594152939992));
#2003=CARTESIAN_POINT('Ctrl Pts',(-2.08280704919704,-0.862726769488048,
1.83555090439992));
#2004=CARTESIAN_POINT('Ctrl Pts',(-1.47276704428563,-1.47276685344729,1.88516027939992));
#2005=CARTESIAN_POINT('Ctrl Pts',(-0.862727039374212,-2.08280693740653,
1.93476965439992));
#2006=CARTESIAN_POINT('Ctrl Pts',(-1.34943082319745E-7,-2.08280699330179,
1.98437902939992));
#2007=CARTESIAN_POINT('Ctrl Pts',(0.862726769488047,-2.08280704919704,2.03398840439992));
#2008=CARTESIAN_POINT('Ctrl Pts',(1.47276685344729,-1.47276704428563,2.08359777939992));
#2009=CARTESIAN_POINT('Ctrl Pts',(2.08280693740653,-0.862727039374214,2.13320715439992));
#2010=CARTESIAN_POINT('Ctrl Pts',(2.08280699330179,-1.34943083492441E-7,
2.18281652939992));
#2011=CARTESIAN_POINT('Ctrl Pts',(2.08280704919704,0.862726769488045,2.23242590439992));
#2012=CARTESIAN_POINT('Ctrl Pts',(1.47276704428563,1.47276685344729,2.28203527939992));
#2013=CARTESIAN_POINT('Ctrl Pts',(0.86272703937421,2.08280693740653,2.33164465439992));
#2014=CARTESIAN_POINT('Ctrl Pts',(1.34943082064674E-7,2.08280699330179,
2.38125402939992));
#2015=CARTESIAN_POINT('Ctrl Pts',(-0.862726769488046,2.08280704919704,2.43086340439992));
#2016=CARTESIAN_POINT('Ctrl Pts',(-1.47276685344729,1.47276704428562,2.48047277939992));
#2017=CARTESIAN_POINT('Ctrl Pts',(-2.08280693740653,0.862727039374209,2.53008215439992));
#2018=CARTESIAN_POINT('Ctrl Pts',(-2.08280699330179,1.34943080636908E-7,
2.57969152939992));
#2019=CARTESIAN_POINT('Ctrl Pts',(-2.08280704919704,-0.862726769488048,
2.62930090439992));
#2020=CARTESIAN_POINT('Ctrl Pts',(-1.47276704428563,-1.47276685344729,2.67891027939992));
#2021=CARTESIAN_POINT('Ctrl Pts',(-0.862727039374212,-2.08280693740653,
2.72851965439992));
#2022=CARTESIAN_POINT('Ctrl Pts',(-1.34943082319745E-7,-2.08280699330179,
2.77812902939992));
#2023=CARTESIAN_POINT('Ctrl Pts',(0.862726769488047,-2.08280704919704,2.82773840439992));
#2024=CARTESIAN_POINT('Ctrl Pts',(1.47276685344729,-1.47276704428563,2.87734777939992));
#2025=CARTESIAN_POINT('Ctrl Pts',(2.08280693740653,-0.862727039374214,2.92695715439992));
#2026=CARTESIAN_POINT('Ctrl Pts',(2.08280699330179,-1.34943083492441E-7,
2.97656652939992));
#2027=CARTESIAN_POINT('Ctrl Pts',(2.08280704919704,0.862726769488045,3.02617590439992));
#2028=CARTESIAN_POINT('Ctrl Pts',(1.47276704428563,1.47276685344729,3.07578527939992));
#2029=CARTESIAN_POINT('Ctrl Pts',(0.86272703937421,2.08280693740653,3.12539465439992));
#2030=CARTESIAN_POINT('Ctrl Pts',(1.34943082064674E-7,2.08280699330179,
3.17500402939992));
#2031=CARTESIAN_POINT('Ctrl Pts',(-0.862726769488046,2.08280704919704,3.22461340439992));
#2032=CARTESIAN_POINT('Ctrl Pts',(-1.47276685344729,1.47276704428562,3.27422277939992));
#2033=CARTESIAN_POINT('Ctrl Pts',(-2.08280693740653,0.862727039374209,3.32383215439992));
#2034=CARTESIAN_POINT('Ctrl Pts',(-2.08280699330179,1.34943080636908E-7,
3.37344152939992));
#2035=CARTESIAN_POINT('Ctrl Pts',(-2.08280704919704,-0.862726769488048,
3.42305090439992));
#2036=CARTESIAN_POINT('Ctrl Pts',(-1.47276704428563,-1.47276685344729,3.47266027939992));
#2037=CARTESIAN_POINT('Ctrl Pts',(-0.862727039374212,-2.08280693740653,
3.52226965439992));
#2038=CARTESIAN_POINT('Ctrl Pts',(-1.34943082319745E-7,-2.08280699330179,
3.57187902939992));
#2039=CARTESIAN_POINT('Ctrl Pts',(0.862726769488047,-2.08280704919704,3.62148840439992));
#2040=CARTESIAN_POINT('Ctrl Pts',(1.47276685344729,-1.47276704428563,3.67109777939992));
#2041=CARTESIAN_POINT('Ctrl Pts',(2.08280693740653,-0.862727039374214,3.72070715439992));
#2042=CARTESIAN_POINT('Ctrl Pts',(2.08280699330179,-1.34943083492441E-7,
3.77031652939992));
#2043=CARTESIAN_POINT('Ctrl Pts',(1.56724424760516,-1.01540264095341E-7,
-3.67109376061217));
#2044=CARTESIAN_POINT('Ctrl Pts',(1.56724428966452,0.649173721369011,-3.62148438561217));
#2045=CARTESIAN_POINT('Ctrl Pts',(1.10820910705703,1.10820896345741,-3.57187501061217));
#2046=CARTESIAN_POINT('Ctrl Pts',(0.649173924449538,1.56724420554581,-3.52226563561217));
#2047=CARTESIAN_POINT('Ctrl Pts',(1.01540262636005E-7,1.56724424760516,
-3.47265626061217));
#2048=CARTESIAN_POINT('Ctrl Pts',(-0.649173721369013,1.56724428966451,-3.42304688561217));
#2049=CARTESIAN_POINT('Ctrl Pts',(-1.10820896345741,1.10820910705703,-3.37343751061217));
#2050=CARTESIAN_POINT('Ctrl Pts',(-1.56724420554581,0.649173924449536,-3.32382813561217));
#2051=CARTESIAN_POINT('Ctrl Pts',(-1.56724424760516,1.0154026117667E-7,
-3.27421876061217));
#2052=CARTESIAN_POINT('Ctrl Pts',(-1.56724428966452,-0.649173721369014,
-3.22460938561217));
#2053=CARTESIAN_POINT('Ctrl Pts',(-1.10820910705703,-1.10820896345741,-3.17500001061217));
#2054=CARTESIAN_POINT('Ctrl Pts',(-0.649173924449539,-1.56724420554581,
-3.12539063561217));
#2055=CARTESIAN_POINT('Ctrl Pts',(-1.01540262827937E-7,-1.56724424760516,
-3.07578126061217));
#2056=CARTESIAN_POINT('Ctrl Pts',(0.649173721369013,-1.56724428966452,-3.02617188561217));
#2057=CARTESIAN_POINT('Ctrl Pts',(1.10820896345741,-1.10820910705703,-2.97656251061217));
#2058=CARTESIAN_POINT('Ctrl Pts',(1.56724420554581,-0.64917392444954,-2.92695313561217));
#2059=CARTESIAN_POINT('Ctrl Pts',(1.56724424760516,-1.01540264095341E-7,
-2.87734376061217));
#2060=CARTESIAN_POINT('Ctrl Pts',(1.56724428966452,0.649173721369011,-2.82773438561217));
#2061=CARTESIAN_POINT('Ctrl Pts',(1.10820910705703,1.10820896345741,-2.77812501061217));
#2062=CARTESIAN_POINT('Ctrl Pts',(0.649173924449538,1.56724420554581,-2.72851563561217));
#2063=CARTESIAN_POINT('Ctrl Pts',(1.01540262636005E-7,1.56724424760516,
-2.67890626061217));
#2064=CARTESIAN_POINT('Ctrl Pts',(-0.649173721369013,1.56724428966451,-2.62929688561217));
#2065=CARTESIAN_POINT('Ctrl Pts',(-1.10820896345741,1.10820910705703,-2.57968751061217));
#2066=CARTESIAN_POINT('Ctrl Pts',(-1.56724420554581,0.649173924449536,-2.53007813561217));
#2067=CARTESIAN_POINT('Ctrl Pts',(-1.56724424760516,1.0154026117667E-7,
-2.48046876061217));
#2068=CARTESIAN_POINT('Ctrl Pts',(-1.56724428966452,-0.649173721369014,
-2.43085938561217));
#2069=CARTESIAN_POINT('Ctrl Pts',(-1.10820910705703,-1.10820896345741,-2.38125001061217));
#2070=CARTESIAN_POINT('Ctrl Pts',(-0.649173924449539,-1.56724420554581,
-2.33164063561217));
#2071=CARTESIAN_POINT('Ctrl Pts',(-1.01540262827937E-7,-1.56724424760516,
-2.28203126061217));
#2072=CARTESIAN_POINT('Ctrl Pts',(0.649173721369013,-1.56724428966452,-2.23242188561217));
#2073=CARTESIAN_POINT('Ctrl Pts',(1.10820896345741,-1.10820910705703,-2.18281251061217));
#2074=CARTESIAN_POINT('Ctrl Pts',(1.56724420554581,-0.64917392444954,-2.13320313561217));
#2075=CARTESIAN_POINT('Ctrl Pts',(1.56724424760516,-1.01540264095341E-7,
-2.08359376061217));
#2076=CARTESIAN_POINT('Ctrl Pts',(1.56724428966452,0.649173721369011,-2.03398438561217));
#2077=CARTESIAN_POINT('Ctrl Pts',(1.10820910705703,1.10820896345741,-1.98437501061217));
#2078=CARTESIAN_POINT('Ctrl Pts',(0.649173924449538,1.56724420554581,-1.93476563561217));
#2079=CARTESIAN_POINT('Ctrl Pts',(1.01540262636005E-7,1.56724424760516,
-1.88515626061217));
#2080=CARTESIAN_POINT('Ctrl Pts',(-0.649173721369013,1.56724428966451,-1.83554688561217));
#2081=CARTESIAN_POINT('Ctrl Pts',(-1.10820896345741,1.10820910705703,-1.78593751061217));
#2082=CARTESIAN_POINT('Ctrl Pts',(-1.56724420554581,0.649173924449536,-1.73632813561217));
#2083=CARTESIAN_POINT('Ctrl Pts',(-1.56724424760516,1.0154026117667E-7,
-1.68671876061217));
#2084=CARTESIAN_POINT('Ctrl Pts',(-1.56724428966452,-0.649173721369014,
-1.63710938561217));
#2085=CARTESIAN_POINT('Ctrl Pts',(-1.10820910705703,-1.10820896345741,-1.58750001061217));
#2086=CARTESIAN_POINT('Ctrl Pts',(-0.649173924449539,-1.56724420554581,
-1.53789063561217));
#2087=CARTESIAN_POINT('Ctrl Pts',(-1.01540262827937E-7,-1.56724424760516,
-1.48828126061217));
#2088=CARTESIAN_POINT('Ctrl Pts',(0.649173721369013,-1.56724428966452,-1.43867188561217));
#2089=CARTESIAN_POINT('Ctrl Pts',(1.10820896345741,-1.10820910705703,-1.38906251061217));
#2090=CARTESIAN_POINT('Ctrl Pts',(1.56724420554581,-0.64917392444954,-1.33945313561217));
#2091=CARTESIAN_POINT('Ctrl Pts',(1.56724424760516,-1.01540264095341E-7,
-1.28984376061217));
#2092=CARTESIAN_POINT('Ctrl Pts',(1.56724428966452,0.649173721369011,-1.24023438561217));
#2093=CARTESIAN_POINT('Ctrl Pts',(1.10820910705703,1.10820896345741,-1.19062501061217));
#2094=CARTESIAN_POINT('Ctrl Pts',(0.649173924449538,1.56724420554581,-1.14101563561217));
#2095=CARTESIAN_POINT('Ctrl Pts',(1.01540262636005E-7,1.56724424760516,
-1.09140626061217));
#2096=CARTESIAN_POINT('Ctrl Pts',(-0.649173721369013,1.56724428966451,-1.04179688561217));
#2097=CARTESIAN_POINT('Ctrl Pts',(-1.10820896345741,1.10820910705703,-0.992187510612172));
#2098=CARTESIAN_POINT('Ctrl Pts',(-1.56724420554581,0.649173924449536,-0.942578135612172));
#2099=CARTESIAN_POINT('Ctrl Pts',(-1.56724424760516,1.0154026117667E-7,
-0.892968760612172));
#2100=CARTESIAN_POINT('Ctrl Pts',(-1.56724428966452,-0.649173721369014,
-0.843359385612172));
#2101=CARTESIAN_POINT('Ctrl Pts',(-1.10820910705703,-1.10820896345741,-0.793750010612172));
#2102=CARTESIAN_POINT('Ctrl Pts',(-0.649173924449539,-1.56724420554581,
-0.744140635612172));
#2103=CARTESIAN_POINT('Ctrl Pts',(-1.01540262827937E-7,-1.56724424760516,
-0.694531260612172));
#2104=CARTESIAN_POINT('Ctrl Pts',(0.649173721369013,-1.56724428966452,-0.644921885612172));
#2105=CARTESIAN_POINT('Ctrl Pts',(1.10820896345741,-1.10820910705703,-0.595312510612172));
#2106=CARTESIAN_POINT('Ctrl Pts',(1.56724420554581,-0.64917392444954,-0.545703135612172));
#2107=CARTESIAN_POINT('Ctrl Pts',(1.56724424760516,-1.01540264095341E-7,
-0.496093760612172));
#2108=CARTESIAN_POINT('Ctrl Pts',(1.56724428966452,0.649173721369011,-0.446484385612172));
#2109=CARTESIAN_POINT('Ctrl Pts',(1.10820910705703,1.10820896345741,-0.396875010612172));
#2110=CARTESIAN_POINT('Ctrl Pts',(0.649173924449538,1.56724420554581,-0.347265635612172));
#2111=CARTESIAN_POINT('Ctrl Pts',(1.01540262636005E-7,1.56724424760516,
-0.297656260612172));
#2112=CARTESIAN_POINT('Ctrl Pts',(-0.649173721369013,1.56724428966451,-0.248046885612172));
#2113=CARTESIAN_POINT('Ctrl Pts',(-1.10820896345741,1.10820910705703,-0.198437510612172));
#2114=CARTESIAN_POINT('Ctrl Pts',(-1.56724420554581,0.649173924449536,-0.148828135612172));
#2115=CARTESIAN_POINT('Ctrl Pts',(-1.56724424760516,1.0154026117667E-7,
-0.0992187606121721));
#2116=CARTESIAN_POINT('Ctrl Pts',(-1.56724428966452,-0.649173721369014,
-0.0496093856121723));
#2117=CARTESIAN_POINT('Ctrl Pts',(-1.10820910705703,-1.10820896345741,-1.06121721717493E-8));
#2118=CARTESIAN_POINT('Ctrl Pts',(-0.649173924449539,-1.56724420554581,
0.049609364387828));
#2119=CARTESIAN_POINT('Ctrl Pts',(-1.01540262827937E-7,-1.56724424760516,
0.0992187393878277));
#2120=CARTESIAN_POINT('Ctrl Pts',(0.649173721369013,-1.56724428966452,0.148828114387828));
#2121=CARTESIAN_POINT('Ctrl Pts',(1.10820896345741,-1.10820910705703,0.198437489387828));
#2122=CARTESIAN_POINT('Ctrl Pts',(1.56724420554581,-0.64917392444954,0.248046864387827));
#2123=CARTESIAN_POINT('Ctrl Pts',(1.56724424760516,-1.01540264095341E-7,
0.297656239387828));
#2124=CARTESIAN_POINT('Ctrl Pts',(1.56724428966452,0.649173721369011,0.347265614387828));
#2125=CARTESIAN_POINT('Ctrl Pts',(1.10820910705703,1.10820896345741,0.396874989387828));
#2126=CARTESIAN_POINT('Ctrl Pts',(0.649173924449538,1.56724420554581,0.446484364387828));
#2127=CARTESIAN_POINT('Ctrl Pts',(1.01540262636005E-7,1.56724424760516,
0.496093739387828));
#2128=CARTESIAN_POINT('Ctrl Pts',(-0.649173721369013,1.56724428966451,0.545703114387828));
#2129=CARTESIAN_POINT('Ctrl Pts',(-1.10820896345741,1.10820910705703,0.595312489387828));
#2130=CARTESIAN_POINT('Ctrl Pts',(-1.56724420554581,0.649173924449536,0.644921864387828));
#2131=CARTESIAN_POINT('Ctrl Pts',(-1.56724424760516,1.0154026117667E-7,
0.694531239387828));
#2132=CARTESIAN_POINT('Ctrl Pts',(-1.56724428966452,-0.649173721369014,
0.744140614387827));
#2133=CARTESIAN_POINT('Ctrl Pts',(-1.10820910705703,-1.10820896345741,0.793749989387828));
#2134=CARTESIAN_POINT('Ctrl Pts',(-0.649173924449539,-1.56724420554581,
0.843359364387828));
#2135=CARTESIAN_POINT('Ctrl Pts',(-1.01540262827937E-7,-1.56724424760516,
0.892968739387828));
#2136=CARTESIAN_POINT('Ctrl Pts',(0.649173721369013,-1.56724428966452,0.942578114387828));
#2137=CARTESIAN_POINT('Ctrl Pts',(1.10820896345741,-1.10820910705703,0.992187489387828));
#2138=CARTESIAN_POINT('Ctrl Pts',(1.56724420554581,-0.64917392444954,1.04179686438783));
#2139=CARTESIAN_POINT('Ctrl Pts',(1.56724424760516,-1.01540264095341E-7,
1.09140623938783));
#2140=CARTESIAN_POINT('Ctrl Pts',(1.56724428966452,0.649173721369011,1.14101561438783));
#2141=CARTESIAN_POINT('Ctrl Pts',(1.10820910705703,1.10820896345741,1.19062498938783));
#2142=CARTESIAN_POINT('Ctrl Pts',(0.649173924449538,1.56724420554581,1.24023436438783));
#2143=CARTESIAN_POINT('Ctrl Pts',(1.01540262636005E-7,1.56724424760516,
1.28984373938783));
#2144=CARTESIAN_POINT('Ctrl Pts',(-0.649173721369013,1.56724428966451,1.33945311438783));
#2145=CARTESIAN_POINT('Ctrl Pts',(-1.10820896345741,1.10820910705703,1.38906248938783));
#2146=CARTESIAN_POINT('Ctrl Pts',(-1.56724420554581,0.649173924449536,1.43867186438783));
#2147=CARTESIAN_POINT('Ctrl Pts',(-1.56724424760516,1.0154026117667E-7,
1.48828123938783));
#2148=CARTESIAN_POINT('Ctrl Pts',(-1.56724428966452,-0.649173721369014,
1.53789061438783));
#2149=CARTESIAN_POINT('Ctrl Pts',(-1.10820910705703,-1.10820896345741,1.58749998938783));
#2150=CARTESIAN_POINT('Ctrl Pts',(-0.649173924449539,-1.56724420554581,
1.63710936438783));
#2151=CARTESIAN_POINT('Ctrl Pts',(-1.01540262827937E-7,-1.56724424760516,
1.68671873938783));
#2152=CARTESIAN_POINT('Ctrl Pts',(0.649173721369013,-1.56724428966452,1.73632811438783));
#2153=CARTESIAN_POINT('Ctrl Pts',(1.10820896345741,-1.10820910705703,1.78593748938783));
#2154=CARTESIAN_POINT('Ctrl Pts',(1.56724420554581,-0.64917392444954,1.83554686438783));
#2155=CARTESIAN_POINT('Ctrl Pts',(1.56724424760516,-1.01540264095341E-7,
1.88515623938783));
#2156=CARTESIAN_POINT('Ctrl Pts',(1.56724428966452,0.649173721369011,1.93476561438783));
#2157=CARTESIAN_POINT('Ctrl Pts',(1.10820910705703,1.10820896345741,1.98437498938783));
#2158=CARTESIAN_POINT('Ctrl Pts',(0.649173924449538,1.56724420554581,2.03398436438783));
#2159=CARTESIAN_POINT('Ctrl Pts',(1.01540262636005E-7,1.56724424760516,
2.08359373938783));
#2160=CARTESIAN_POINT('Ctrl Pts',(-0.649173721369013,1.56724428966451,2.13320311438783));
#2161=CARTESIAN_POINT('Ctrl Pts',(-1.10820896345741,1.10820910705703,2.18281248938783));
#2162=CARTESIAN_POINT('Ctrl Pts',(-1.56724420554581,0.649173924449536,2.23242186438783));
#2163=CARTESIAN_POINT('Ctrl Pts',(-1.56724424760516,1.0154026117667E-7,
2.28203123938783));
#2164=CARTESIAN_POINT('Ctrl Pts',(-1.56724428966452,-0.649173721369014,
2.33164061438783));
#2165=CARTESIAN_POINT('Ctrl Pts',(-1.10820910705703,-1.10820896345741,2.38124998938783));
#2166=CARTESIAN_POINT('Ctrl Pts',(-0.649173924449539,-1.56724420554581,
2.43085936438783));
#2167=CARTESIAN_POINT('Ctrl Pts',(-1.01540262827937E-7,-1.56724424760516,
2.48046873938783));
#2168=CARTESIAN_POINT('Ctrl Pts',(0.649173721369013,-1.56724428966452,2.53007811438783));
#2169=CARTESIAN_POINT('Ctrl Pts',(1.10820896345741,-1.10820910705703,2.57968748938783));
#2170=CARTESIAN_POINT('Ctrl Pts',(1.56724420554581,-0.64917392444954,2.62929686438783));
#2171=CARTESIAN_POINT('Ctrl Pts',(1.56724424760516,-1.01540264095341E-7,
2.67890623938783));
#2172=CARTESIAN_POINT('Ctrl Pts',(1.56724428966452,0.649173721369011,2.72851561438783));
#2173=CARTESIAN_POINT('Ctrl Pts',(1.10820910705703,1.10820896345741,2.77812498938783));
#2174=CARTESIAN_POINT('Ctrl Pts',(0.649173924449538,1.56724420554581,2.82773436438783));
#2175=CARTESIAN_POINT('Ctrl Pts',(1.01540262636005E-7,1.56724424760516,
2.87734373938783));
#2176=CARTESIAN_POINT('Ctrl Pts',(-0.649173721369013,1.56724428966451,2.92695311438783));
#2177=CARTESIAN_POINT('Ctrl Pts',(-1.10820896345741,1.10820910705703,2.97656248938783));
#2178=CARTESIAN_POINT('Ctrl Pts',(-1.56724420554581,0.649173924449536,3.02617186438783));
#2179=CARTESIAN_POINT('Ctrl Pts',(-1.56724424760516,1.0154026117667E-7,
3.07578123938783));
#2180=CARTESIAN_POINT('Ctrl Pts',(-1.56724428966452,-0.649173721369014,
3.12539061438783));
#2181=CARTESIAN_POINT('Ctrl Pts',(-1.10820910705703,-1.10820896345741,3.17499998938783));
#2182=CARTESIAN_POINT('Ctrl Pts',(-0.649173924449539,-1.56724420554581,
3.22460936438783));
#2183=CARTESIAN_POINT('Ctrl Pts',(-1.01540262827937E-7,-1.56724424760516,
3.27421873938783));
#2184=CARTESIAN_POINT('Ctrl Pts',(0.649173721369013,-1.56724428966452,3.32382811438783));
#2185=CARTESIAN_POINT('Ctrl Pts',(1.10820896345741,-1.10820910705703,3.37343748938783));
#2186=CARTESIAN_POINT('Ctrl Pts',(1.56724420554581,-0.64917392444954,3.42304686438783));
#2187=CARTESIAN_POINT('Ctrl Pts',(1.56724424760516,-1.01540264095341E-7,
3.47265623938783));
#2188=CARTESIAN_POINT('Ctrl Pts',(1.5477237225142,-0.246588368738098,-2.89680574819052));
#2189=CARTESIAN_POINT('Ctrl Pts',(1.5672442437714,-0.124066880888618,-2.88682484806857));
#2190=CARTESIAN_POINT('Ctrl Pts',(1.56724425180957,-1.0154026436774E-7,
-2.87734375818476));
#2191=CARTESIAN_POINT('Ctrl Pts',(1.56724429386892,0.649173723110533,-2.82773438318476));
#2192=CARTESIAN_POINT('Ctrl Pts',(1.10820911002999,1.10820896643037,-2.77812500818476));
#2193=CARTESIAN_POINT('Ctrl Pts',(0.64917392619106,1.56724420975021,-2.72851563318476));
#2194=CARTESIAN_POINT('Ctrl Pts',(1.01540262908405E-7,1.56724425180957,
-2.67890625818476));
#2195=CARTESIAN_POINT('Ctrl Pts',(-0.649173723110534,1.56724429386892,-2.62929688318476));
#2196=CARTESIAN_POINT('Ctrl Pts',(-1.10820896643037,1.10820911002999,-2.57968750818476));
#2197=CARTESIAN_POINT('Ctrl Pts',(-1.56724420975021,0.649173926191058,-2.53007813318476));
#2198=CARTESIAN_POINT('Ctrl Pts',(-1.56724425180957,1.01540261449069E-7,
-2.48046875818476));
#2199=CARTESIAN_POINT('Origin',(-1.27675647831893E-14,-1.14969959070198E-15,
-3.72070313318475));
#2200=CARTESIAN_POINT('Ctrl Pts',(1.26877024728891,0.920041631897477,-2.89680574819043));
#2201=CARTESIAN_POINT('Ctrl Pts',(1.19593756534298,1.0204804997497,-2.88682484806853));
#2202=CARTESIAN_POINT('Ctrl Pts',(1.10820911002999,1.10820896643037,-2.87734375818476));
#2203=CARTESIAN_POINT('Ctrl Pts',(0.64917392619106,1.56724420975021,-2.82773438318476));
#2204=CARTESIAN_POINT('Ctrl Pts',(1.01540262908405E-7,1.56724425180957,
-2.77812500818476));
#2205=CARTESIAN_POINT('Ctrl Pts',(-0.649173723110534,1.56724429386892,-2.72851563318476));
#2206=CARTESIAN_POINT('Ctrl Pts',(-1.10820896643037,1.10820911002999,-2.67890625818476));
#2207=CARTESIAN_POINT('Ctrl Pts',(-1.56724420975021,0.649173926191058,-2.62929688318476));
#2208=CARTESIAN_POINT('Ctrl Pts',(-1.56724425180957,1.01540261449069E-7,
-2.57968750818476));
#2209=CARTESIAN_POINT('Ctrl Pts',(1.56693104435917,-1.01519971955252E-7,
-3.77013167777896));
#2210=CARTESIAN_POINT('Ctrl Pts',(1.56693108641012,0.649043988357036,-3.72052230277896));
#2211=CARTESIAN_POINT('Ctrl Pts',(1.10798763890355,1.10798749533263,-3.67091292777896));
#2212=CARTESIAN_POINT('Ctrl Pts',(0.649044191396978,1.56693100230822,-3.62130355277896));
#2213=CARTESIAN_POINT('Ctrl Pts',(1.01519970495897E-7,1.56693104435917,
-3.57169417777896));
#2214=CARTESIAN_POINT('Ctrl Pts',(-0.649043988357037,1.56693108641012,-3.52208480277896));
#2215=CARTESIAN_POINT('Ctrl Pts',(-1.10798749533263,1.10798763890355,-3.47247542777896));
#2216=CARTESIAN_POINT('Ctrl Pts',(-1.56693100230823,0.649044191396977,-3.42286605277896));
#2217=CARTESIAN_POINT('Ctrl Pts',(-1.56693104435917,1.01519969036543E-7,
-3.37325667777896));
#2218=CARTESIAN_POINT('Ctrl Pts',(-1.56693108641012,-0.649043988357039,
-3.32364730277896));
#2219=CARTESIAN_POINT('Ctrl Pts',(-1.10798763890355,-1.10798749533263,-3.27403792777896));
#2220=CARTESIAN_POINT('Ctrl Pts',(-0.649044191396979,-1.56693100230823,
-3.22442855277896));
#2221=CARTESIAN_POINT('Ctrl Pts',(-1.01519970687791E-7,-1.56693104435918,
-3.17481917777896));
#2222=CARTESIAN_POINT('Ctrl Pts',(0.649043988357038,-1.56693108641012,-3.12520980277896));
#2223=CARTESIAN_POINT('Ctrl Pts',(1.10798749533263,-1.10798763890355,-3.07560042777896));
#2224=CARTESIAN_POINT('Ctrl Pts',(1.56693100230823,-0.649044191396981,-3.02599105277896));
#2225=CARTESIAN_POINT('Ctrl Pts',(1.56693104435917,-1.01519971955252E-7,
-2.97638167777896));
#2226=CARTESIAN_POINT('Ctrl Pts',(1.56693108641012,0.649043988357036,-2.92677230277896));
#2227=CARTESIAN_POINT('Ctrl Pts',(1.10798763890355,1.10798749533263,-2.87716292777896));
#2228=CARTESIAN_POINT('Ctrl Pts',(0.649044191396978,1.56693100230822,-2.82755355277896));
#2229=CARTESIAN_POINT('Ctrl Pts',(1.01519970495897E-7,1.56693104435917,
-2.77794417777896));
#2230=CARTESIAN_POINT('Ctrl Pts',(-0.649043988357037,1.56693108641012,-2.72833480277896));
#2231=CARTESIAN_POINT('Ctrl Pts',(-1.10798749533263,1.10798763890355,-2.67872542777896));
#2232=CARTESIAN_POINT('Ctrl Pts',(-1.56693100230823,0.649044191396977,-2.62911605277896));
#2233=CARTESIAN_POINT('Ctrl Pts',(-1.56693104435917,1.01519969036543E-7,
-2.57950667777896));
#2234=CARTESIAN_POINT('Ctrl Pts',(-1.56693108641012,-0.649043988357039,
-2.52989730277896));
#2235=CARTESIAN_POINT('Ctrl Pts',(-1.10798763890355,-1.10798749533263,-2.48028792777896));
#2236=CARTESIAN_POINT('Ctrl Pts',(-0.649044191396979,-1.56693100230823,
-2.43067855277896));
#2237=CARTESIAN_POINT('Ctrl Pts',(-1.01519970687791E-7,-1.56693104435918,
-2.38106917777896));
#2238=CARTESIAN_POINT('Ctrl Pts',(0.649043988357038,-1.56693108641012,-2.33145980277896));
#2239=CARTESIAN_POINT('Ctrl Pts',(1.10798749533263,-1.10798763890355,-2.28185042777896));
#2240=CARTESIAN_POINT('Ctrl Pts',(1.56693100230823,-0.649044191396981,-2.23224105277896));
#2241=CARTESIAN_POINT('Ctrl Pts',(1.56693104435917,-1.01519971955252E-7,
-2.18263167777896));
#2242=CARTESIAN_POINT('Ctrl Pts',(1.56693108641012,0.649043988357036,-2.13302230277896));
#2243=CARTESIAN_POINT('Ctrl Pts',(1.10798763890355,1.10798749533263,-2.08341292777896));
#2244=CARTESIAN_POINT('Ctrl Pts',(0.649044191396978,1.56693100230822,-2.03380355277896));
#2245=CARTESIAN_POINT('Ctrl Pts',(1.01519970495897E-7,1.56693104435917,
-1.98419417777896));
#2246=CARTESIAN_POINT('Ctrl Pts',(-0.649043988357037,1.56693108641012,-1.93458480277896));
#2247=CARTESIAN_POINT('Ctrl Pts',(-1.10798749533263,1.10798763890355,-1.88497542777896));
#2248=CARTESIAN_POINT('Ctrl Pts',(-1.56693100230823,0.649044191396977,-1.83536605277896));
#2249=CARTESIAN_POINT('Ctrl Pts',(-1.56693104435917,1.01519969036543E-7,
-1.78575667777896));
#2250=CARTESIAN_POINT('Ctrl Pts',(-1.56693108641012,-0.649043988357039,
-1.73614730277896));
#2251=CARTESIAN_POINT('Ctrl Pts',(-1.10798763890355,-1.10798749533263,-1.68653792777896));
#2252=CARTESIAN_POINT('Ctrl Pts',(-0.649044191396979,-1.56693100230823,
-1.63692855277896));
#2253=CARTESIAN_POINT('Ctrl Pts',(-1.01519970687791E-7,-1.56693104435918,
-1.58731917777896));
#2254=CARTESIAN_POINT('Ctrl Pts',(0.649043988357038,-1.56693108641012,-1.53770980277896));
#2255=CARTESIAN_POINT('Ctrl Pts',(1.10798749533263,-1.10798763890355,-1.48810042777896));
#2256=CARTESIAN_POINT('Ctrl Pts',(1.56693100230823,-0.649044191396981,-1.43849105277896));
#2257=CARTESIAN_POINT('Ctrl Pts',(1.56693104435917,-1.01519971955252E-7,
-1.38888167777896));
#2258=CARTESIAN_POINT('Ctrl Pts',(1.56693108641012,0.649043988357036,-1.33927230277896));
#2259=CARTESIAN_POINT('Ctrl Pts',(1.10798763890355,1.10798749533263,-1.28966292777896));
#2260=CARTESIAN_POINT('Ctrl Pts',(0.649044191396978,1.56693100230822,-1.24005355277896));
#2261=CARTESIAN_POINT('Ctrl Pts',(1.01519970495897E-7,1.56693104435917,
-1.19044417777896));
#2262=CARTESIAN_POINT('Ctrl Pts',(-0.649043988357037,1.56693108641012,-1.14083480277896));
#2263=CARTESIAN_POINT('Ctrl Pts',(-1.10798749533263,1.10798763890355,-1.09122542777896));
#2264=CARTESIAN_POINT('Ctrl Pts',(-1.56693100230823,0.649044191396977,-1.04161605277896));
#2265=CARTESIAN_POINT('Ctrl Pts',(-1.56693104435917,1.01519969036543E-7,
-0.992006677778963));
#2266=CARTESIAN_POINT('Ctrl Pts',(-1.56693108641012,-0.649043988357039,
-0.942397302778962));
#2267=CARTESIAN_POINT('Ctrl Pts',(-1.10798763890355,-1.10798749533263,-0.892787927778963));
#2268=CARTESIAN_POINT('Ctrl Pts',(-0.649044191396979,-1.56693100230823,
-0.843178552778962));
#2269=CARTESIAN_POINT('Ctrl Pts',(-1.01519970687791E-7,-1.56693104435918,
-0.793569177778962));
#2270=CARTESIAN_POINT('Ctrl Pts',(0.649043988357038,-1.56693108641012,-0.743959802778962));
#2271=CARTESIAN_POINT('Ctrl Pts',(1.10798749533263,-1.10798763890355,-0.694350427778962));
#2272=CARTESIAN_POINT('Ctrl Pts',(1.56693100230823,-0.649044191396981,-0.644741052778963));
#2273=CARTESIAN_POINT('Ctrl Pts',(1.56693104435917,-1.01519971955252E-7,
-0.595131677778962));
#2274=CARTESIAN_POINT('Ctrl Pts',(1.56693108641012,0.649043988357036,-0.545522302778962));
#2275=CARTESIAN_POINT('Ctrl Pts',(1.10798763890355,1.10798749533263,-0.495912927778963));
#2276=CARTESIAN_POINT('Ctrl Pts',(0.649044191396978,1.56693100230822,-0.446303552778962));
#2277=CARTESIAN_POINT('Ctrl Pts',(1.01519970495897E-7,1.56693104435917,
-0.396694177778963));
#2278=CARTESIAN_POINT('Ctrl Pts',(-0.649043988357037,1.56693108641012,-0.347084802778962));
#2279=CARTESIAN_POINT('Ctrl Pts',(-1.10798749533263,1.10798763890355,-0.297475427778962));
#2280=CARTESIAN_POINT('Ctrl Pts',(-1.56693100230823,0.649044191396977,-0.247866052778963));
#2281=CARTESIAN_POINT('Ctrl Pts',(-1.56693104435917,1.01519969036543E-7,
-0.198256677778962));
#2282=CARTESIAN_POINT('Ctrl Pts',(-1.56693108641012,-0.649043988357039,
-0.148647302778963));
#2283=CARTESIAN_POINT('Ctrl Pts',(-1.10798763890355,-1.10798749533263,-0.0990379277789625));
#2284=CARTESIAN_POINT('Ctrl Pts',(-0.649044191396979,-1.56693100230823,
-0.0494285527789623));
#2285=CARTESIAN_POINT('Ctrl Pts',(-1.01519970687791E-7,-1.56693104435918,
0.000180822221037446));
#2286=CARTESIAN_POINT('Ctrl Pts',(0.649043988357038,-1.56693108641012,0.0497901972210376));
#2287=CARTESIAN_POINT('Ctrl Pts',(1.10798749533263,-1.10798763890355,0.0993995722210374));
#2288=CARTESIAN_POINT('Ctrl Pts',(1.56693100230823,-0.649044191396981,0.149008947221037));
#2289=CARTESIAN_POINT('Ctrl Pts',(1.56693104435917,-1.01519971955252E-7,
0.198618322221038));
#2290=CARTESIAN_POINT('Ctrl Pts',(1.56693108641012,0.649043988357036,0.248227697221037));
#2291=CARTESIAN_POINT('Ctrl Pts',(1.10798763890355,1.10798749533263,0.297837072221037));
#2292=CARTESIAN_POINT('Ctrl Pts',(0.649044191396978,1.56693100230822,0.347446447221038));
#2293=CARTESIAN_POINT('Ctrl Pts',(1.01519970495897E-7,1.56693104435917,
0.397055822221038));
#2294=CARTESIAN_POINT('Ctrl Pts',(-0.649043988357037,1.56693108641012,0.446665197221037));
#2295=CARTESIAN_POINT('Ctrl Pts',(-1.10798749533263,1.10798763890355,0.496274572221038));
#2296=CARTESIAN_POINT('Ctrl Pts',(-1.56693100230823,0.649044191396977,0.545883947221038));
#2297=CARTESIAN_POINT('Ctrl Pts',(-1.56693104435917,1.01519969036543E-7,
0.595493322221037));
#2298=CARTESIAN_POINT('Ctrl Pts',(-1.56693108641012,-0.649043988357039,
0.645102697221037));
#2299=CARTESIAN_POINT('Ctrl Pts',(-1.10798763890355,-1.10798749533263,0.694712072221038));
#2300=CARTESIAN_POINT('Ctrl Pts',(-0.649044191396979,-1.56693100230823,
0.744321447221038));
#2301=CARTESIAN_POINT('Ctrl Pts',(-1.01519970687791E-7,-1.56693104435918,
0.793930822221037));
#2302=CARTESIAN_POINT('Ctrl Pts',(0.649043988357038,-1.56693108641012,0.843540197221038));
#2303=CARTESIAN_POINT('Ctrl Pts',(1.10798749533263,-1.10798763890355,0.893149572221038));
#2304=CARTESIAN_POINT('Ctrl Pts',(1.56693100230823,-0.649044191396981,0.942758947221037));
#2305=CARTESIAN_POINT('Ctrl Pts',(1.56693104435917,-1.01519971955252E-7,
0.992368322221037));
#2306=CARTESIAN_POINT('Ctrl Pts',(1.56693108641012,0.649043988357036,1.04197769722104));
#2307=CARTESIAN_POINT('Ctrl Pts',(1.10798763890355,1.10798749533263,1.09158707222104));
#2308=CARTESIAN_POINT('Ctrl Pts',(0.649044191396978,1.56693100230822,1.14119644722104));
#2309=CARTESIAN_POINT('Ctrl Pts',(1.01519970495897E-7,1.56693104435917,
1.19080582222104));
#2310=CARTESIAN_POINT('Ctrl Pts',(-0.649043988357037,1.56693108641012,1.24041519722104));
#2311=CARTESIAN_POINT('Ctrl Pts',(-1.10798749533263,1.10798763890355,1.29002457222104));
#2312=CARTESIAN_POINT('Ctrl Pts',(-1.56693100230823,0.649044191396977,1.33963394722104));
#2313=CARTESIAN_POINT('Ctrl Pts',(-1.56693104435917,1.01519969036543E-7,
1.38924332222104));
#2314=CARTESIAN_POINT('Ctrl Pts',(-1.56693108641012,-0.649043988357039,
1.43885269722104));
#2315=CARTESIAN_POINT('Ctrl Pts',(-1.10798763890355,-1.10798749533263,1.48846207222104));
#2316=CARTESIAN_POINT('Ctrl Pts',(-0.649044191396979,-1.56693100230823,
1.53807144722104));
#2317=CARTESIAN_POINT('Ctrl Pts',(-1.01519970687791E-7,-1.56693104435918,
1.58768082222104));
#2318=CARTESIAN_POINT('Ctrl Pts',(0.649043988357038,-1.56693108641012,1.63729019722104));
#2319=CARTESIAN_POINT('Ctrl Pts',(1.10798749533263,-1.10798763890355,1.68689957222104));
#2320=CARTESIAN_POINT('Ctrl Pts',(1.56693100230823,-0.649044191396981,1.73650894722104));
#2321=CARTESIAN_POINT('Ctrl Pts',(1.56693104435917,-1.01519971955252E-7,
1.78611832222104));
#2322=CARTESIAN_POINT('Ctrl Pts',(1.56693108641012,0.649043988357036,1.83572769722104));
#2323=CARTESIAN_POINT('Ctrl Pts',(1.10798763890355,1.10798749533263,1.88533707222104));
#2324=CARTESIAN_POINT('Ctrl Pts',(0.649044191396978,1.56693100230822,1.93494644722104));
#2325=CARTESIAN_POINT('Ctrl Pts',(1.01519970495897E-7,1.56693104435917,
1.98455582222104));
#2326=CARTESIAN_POINT('Ctrl Pts',(-0.649043988357037,1.56693108641012,2.03416519722104));
#2327=CARTESIAN_POINT('Ctrl Pts',(-1.10798749533263,1.10798763890355,2.08377457222104));
#2328=CARTESIAN_POINT('Ctrl Pts',(-1.56693100230823,0.649044191396977,2.13338394722104));
#2329=CARTESIAN_POINT('Ctrl Pts',(-1.56693104435917,1.01519969036543E-7,
2.18299332222104));
#2330=CARTESIAN_POINT('Ctrl Pts',(-1.56693108641012,-0.649043988357039,
2.23260269722104));
#2331=CARTESIAN_POINT('Ctrl Pts',(-1.10798763890355,-1.10798749533263,2.28221207222104));
#2332=CARTESIAN_POINT('Ctrl Pts',(-0.649044191396979,-1.56693100230823,
2.33182144722104));
#2333=CARTESIAN_POINT('Ctrl Pts',(-1.01519970687791E-7,-1.56693104435918,
2.38143082222104));
#2334=CARTESIAN_POINT('Ctrl Pts',(0.649043988357038,-1.56693108641012,2.43104019722104));
#2335=CARTESIAN_POINT('Ctrl Pts',(1.10798749533263,-1.10798763890355,2.48064957222104));
#2336=CARTESIAN_POINT('Ctrl Pts',(1.56693100230823,-0.649044191396981,2.53025894722104));
#2337=CARTESIAN_POINT('Ctrl Pts',(1.56693104435917,-1.01519971955252E-7,
2.57986832222104));
#2338=CARTESIAN_POINT('Ctrl Pts',(1.56693108641012,0.649043988357036,2.62947769722104));
#2339=CARTESIAN_POINT('Ctrl Pts',(1.10798763890355,1.10798749533263,2.67908707222104));
#2340=CARTESIAN_POINT('Ctrl Pts',(0.649044191396978,1.56693100230822,2.72869644722104));
#2341=CARTESIAN_POINT('Ctrl Pts',(1.01519970495897E-7,1.56693104435917,
2.77830582222104));
#2342=CARTESIAN_POINT('Ctrl Pts',(-0.649043988357037,1.56693108641012,2.82791519722104));
#2343=CARTESIAN_POINT('Ctrl Pts',(-1.10798749533263,1.10798763890355,2.87752457222104));
#2344=CARTESIAN_POINT('Ctrl Pts',(-1.56693100230823,0.649044191396977,2.92713394722104));
#2345=CARTESIAN_POINT('Ctrl Pts',(-1.56693104435917,1.01519969036543E-7,
2.97674332222104));
#2346=CARTESIAN_POINT('Ctrl Pts',(-1.56693108641012,-0.649043988357039,
3.02635269722104));
#2347=CARTESIAN_POINT('Ctrl Pts',(-1.10798763890355,-1.10798749533263,3.07596207222104));
#2348=CARTESIAN_POINT('Ctrl Pts',(-0.649044191396979,-1.56693100230823,
3.12557144722104));
#2349=CARTESIAN_POINT('Ctrl Pts',(-1.01519970687791E-7,-1.56693104435918,
3.17518082222104));
#2350=CARTESIAN_POINT('Ctrl Pts',(0.649043988357038,-1.56693108641012,3.22479019722104));
#2351=CARTESIAN_POINT('Ctrl Pts',(1.10798749533263,-1.10798763890355,3.27439957222104));
#2352=CARTESIAN_POINT('Ctrl Pts',(1.56693100230823,-0.649044191396981,3.32400894722104));
#2353=CARTESIAN_POINT('Ctrl Pts',(1.56693104435917,-1.01519971955252E-7,
3.37361832222104));
#2354=CARTESIAN_POINT('Ctrl Pts',(2.0828,-1.34942630403076E-7,-4.06796875818476));
#2355=CARTESIAN_POINT('Ctrl Pts',(2.08280005589507,0.862723872768051,-4.01835938318476));
#2356=CARTESIAN_POINT('Ctrl Pts',(1.47276209927419,1.47276190843649,-3.96875000818476));
#2357=CARTESIAN_POINT('Ctrl Pts',(0.86272414265331,2.08279994410493,-3.91914063318476));
#2358=CARTESIAN_POINT('Ctrl Pts',(1.3494262897531E-7,2.0828,-3.86953125818476));
#2359=CARTESIAN_POINT('Ctrl Pts',(-0.862723872768053,2.08280005589506,-3.81992188318476));
#2360=CARTESIAN_POINT('Ctrl Pts',(-1.47276190843649,1.47276209927419,-3.77031250818476));
#2361=CARTESIAN_POINT('Ctrl Pts',(-2.08279994410493,0.862724142653309,-3.72070313318476));
#2362=CARTESIAN_POINT('Ctrl Pts',(-2.0828,1.34942627547543E-7,-3.67109375818476));
#2363=CARTESIAN_POINT('Ctrl Pts',(-2.08280005589507,-0.862723872768054,
-3.62148438318476));
#2364=CARTESIAN_POINT('Ctrl Pts',(-1.47276209927419,-1.47276190843649,-3.57187500818476));
#2365=CARTESIAN_POINT('Ctrl Pts',(-0.862724142653312,-2.08279994410493,
-3.52226563318476));
#2366=CARTESIAN_POINT('Ctrl Pts',(-1.34942629230379E-7,-2.0828,-3.47265625818476));
#2367=CARTESIAN_POINT('Ctrl Pts',(0.862723872768053,-2.08280005589507,-3.42304688318476));
#2368=CARTESIAN_POINT('Ctrl Pts',(1.47276190843649,-1.47276209927419,-3.37343750818476));
#2369=CARTESIAN_POINT('Ctrl Pts',(2.08279994410493,-0.862724142653313,-3.32382813318476));
#2370=CARTESIAN_POINT('Ctrl Pts',(2.0828,-1.34942630403076E-7,-3.27421875818476));
#2371=CARTESIAN_POINT('Ctrl Pts',(2.08280005589507,0.862723872768051,-3.22460938318476));
#2372=CARTESIAN_POINT('Ctrl Pts',(1.47276209927419,1.47276190843649,-3.17500000818476));
#2373=CARTESIAN_POINT('Ctrl Pts',(0.86272414265331,2.08279994410493,-3.12539063318476));
#2374=CARTESIAN_POINT('Ctrl Pts',(1.3494262897531E-7,2.0828,-3.07578125818476));
#2375=CARTESIAN_POINT('Ctrl Pts',(-0.862723872768053,2.08280005589506,-3.02617188318476));
#2376=CARTESIAN_POINT('Ctrl Pts',(-1.47276190843649,1.47276209927419,-2.97656250818476));
#2377=CARTESIAN_POINT('Ctrl Pts',(-2.08279994410493,0.862724142653309,-2.92695313318476));
#2378=CARTESIAN_POINT('Ctrl Pts',(-2.0828,1.34942627547543E-7,-2.87734375818476));
#2379=CARTESIAN_POINT('Ctrl Pts',(-2.08280005589507,-0.862723872768054,
-2.82773438318476));
#2380=CARTESIAN_POINT('Ctrl Pts',(-1.47276209927419,-1.47276190843649,-2.77812500818476));
#2381=CARTESIAN_POINT('Ctrl Pts',(-0.862724142653312,-2.08279994410493,
-2.72851563318476));
#2382=CARTESIAN_POINT('Ctrl Pts',(-1.34942629230379E-7,-2.0828,-2.67890625818476));
#2383=CARTESIAN_POINT('Ctrl Pts',(0.862723872768053,-2.08280005589507,-2.62929688318476));
#2384=CARTESIAN_POINT('Ctrl Pts',(1.47276190843649,-1.47276209927419,-2.57968750818476));
#2385=CARTESIAN_POINT('Ctrl Pts',(2.08279994410493,-0.862724142653313,-2.53007813318476));
#2386=CARTESIAN_POINT('Ctrl Pts',(2.0828,-1.34942630403076E-7,-2.48046875818476));
#2387=CARTESIAN_POINT('Ctrl Pts',(2.08280005589507,0.862723872768051,-2.43085938318476));
#2388=CARTESIAN_POINT('Ctrl Pts',(1.47276209927419,1.47276190843649,-2.38125000818476));
#2389=CARTESIAN_POINT('Ctrl Pts',(0.86272414265331,2.08279994410493,-2.33164063318476));
#2390=CARTESIAN_POINT('Ctrl Pts',(1.3494262897531E-7,2.0828,-2.28203125818476));
#2391=CARTESIAN_POINT('Ctrl Pts',(-0.862723872768053,2.08280005589506,-2.23242188318476));
#2392=CARTESIAN_POINT('Ctrl Pts',(-1.47276190843649,1.47276209927419,-2.18281250818476));
#2393=CARTESIAN_POINT('Ctrl Pts',(-2.08279994410493,0.862724142653309,-2.13320313318476));
#2394=CARTESIAN_POINT('Ctrl Pts',(-2.0828,1.34942627547543E-7,-2.08359375818476));
#2395=CARTESIAN_POINT('Ctrl Pts',(-2.08280005589507,-0.862723872768054,
-2.03398438318476));
#2396=CARTESIAN_POINT('Ctrl Pts',(-1.47276209927419,-1.47276190843649,-1.98437500818476));
#2397=CARTESIAN_POINT('Ctrl Pts',(-0.862724142653312,-2.08279994410493,
-1.93476563318476));
#2398=CARTESIAN_POINT('Ctrl Pts',(-1.34942629230379E-7,-2.0828,-1.88515625818476));
#2399=CARTESIAN_POINT('Ctrl Pts',(0.862723872768053,-2.08280005589507,-1.83554688318476));
#2400=CARTESIAN_POINT('Ctrl Pts',(1.47276190843649,-1.47276209927419,-1.78593750818476));
#2401=CARTESIAN_POINT('Ctrl Pts',(2.08279994410493,-0.862724142653313,-1.73632813318476));
#2402=CARTESIAN_POINT('Ctrl Pts',(2.0828,-1.34942630403076E-7,-1.68671875818476));
#2403=CARTESIAN_POINT('Ctrl Pts',(2.08280005589507,0.862723872768051,-1.63710938318476));
#2404=CARTESIAN_POINT('Ctrl Pts',(1.47276209927419,1.47276190843649,-1.58750000818476));
#2405=CARTESIAN_POINT('Ctrl Pts',(0.86272414265331,2.08279994410493,-1.53789063318476));
#2406=CARTESIAN_POINT('Ctrl Pts',(1.3494262897531E-7,2.0828,-1.48828125818476));
#2407=CARTESIAN_POINT('Ctrl Pts',(-0.862723872768053,2.08280005589506,-1.43867188318476));
#2408=CARTESIAN_POINT('Ctrl Pts',(-1.47276190843649,1.47276209927419,-1.38906250818476));
#2409=CARTESIAN_POINT('Ctrl Pts',(-2.08279994410493,0.862724142653309,-1.33945313318476));
#2410=CARTESIAN_POINT('Ctrl Pts',(-2.0828,1.34942627547543E-7,-1.28984375818476));
#2411=CARTESIAN_POINT('Ctrl Pts',(-2.08280005589507,-0.862723872768054,
-1.24023438318476));
#2412=CARTESIAN_POINT('Ctrl Pts',(-1.47276209927419,-1.47276190843649,-1.19062500818476));
#2413=CARTESIAN_POINT('Ctrl Pts',(-0.862724142653312,-2.08279994410493,
-1.14101563318476));
#2414=CARTESIAN_POINT('Ctrl Pts',(-1.34942629230379E-7,-2.0828,-1.09140625818476));
#2415=CARTESIAN_POINT('Ctrl Pts',(0.862723872768053,-2.08280005589507,-1.04179688318476));
#2416=CARTESIAN_POINT('Ctrl Pts',(1.47276190843649,-1.47276209927419,-0.992187508184762));
#2417=CARTESIAN_POINT('Ctrl Pts',(2.08279994410493,-0.862724142653313,-0.942578133184763));
#2418=CARTESIAN_POINT('Ctrl Pts',(2.0828,-1.34942630403076E-7,-0.892968758184762));
#2419=CARTESIAN_POINT('Ctrl Pts',(2.08280005589507,0.862723872768051,-0.843359383184762));
#2420=CARTESIAN_POINT('Ctrl Pts',(1.47276209927419,1.47276190843649,-0.793750008184763));
#2421=CARTESIAN_POINT('Ctrl Pts',(0.86272414265331,2.08279994410493,-0.744140633184762));
#2422=CARTESIAN_POINT('Ctrl Pts',(1.3494262897531E-7,2.0828,-0.694531258184763));
#2423=CARTESIAN_POINT('Ctrl Pts',(-0.862723872768053,2.08280005589506,-0.644921883184763));
#2424=CARTESIAN_POINT('Ctrl Pts',(-1.47276190843649,1.47276209927419,-0.595312508184762));
#2425=CARTESIAN_POINT('Ctrl Pts',(-2.08279994410493,0.862724142653309,-0.545703133184763));
#2426=CARTESIAN_POINT('Ctrl Pts',(-2.0828,1.34942627547543E-7,-0.496093758184762));
#2427=CARTESIAN_POINT('Ctrl Pts',(-2.08280005589507,-0.862723872768054,
-0.446484383184763));
#2428=CARTESIAN_POINT('Ctrl Pts',(-1.47276209927419,-1.47276190843649,-0.396875008184762));
#2429=CARTESIAN_POINT('Ctrl Pts',(-0.862724142653312,-2.08279994410493,
-0.347265633184762));
#2430=CARTESIAN_POINT('Ctrl Pts',(-1.34942629230379E-7,-2.0828,-0.297656258184762));
#2431=CARTESIAN_POINT('Ctrl Pts',(0.862723872768053,-2.08280005589507,-0.248046883184762));
#2432=CARTESIAN_POINT('Ctrl Pts',(1.47276190843649,-1.47276209927419,-0.198437508184763));
#2433=CARTESIAN_POINT('Ctrl Pts',(2.08279994410493,-0.862724142653313,-0.148828133184763));
#2434=CARTESIAN_POINT('Ctrl Pts',(2.0828,-1.34942630403076E-7,-0.0992187581847623));
#2435=CARTESIAN_POINT('Ctrl Pts',(2.08280005589507,0.862723872768051,-0.0496093831847625));
#2436=CARTESIAN_POINT('Ctrl Pts',(1.47276209927419,1.47276190843649,-8.18476276337466E-9));
#2437=CARTESIAN_POINT('Ctrl Pts',(0.86272414265331,2.08279994410493,0.0496093668152378));
#2438=CARTESIAN_POINT('Ctrl Pts',(1.3494262897531E-7,2.0828,0.0992187418152376));
#2439=CARTESIAN_POINT('Ctrl Pts',(-0.862723872768053,2.08280005589506,0.148828116815237));
#2440=CARTESIAN_POINT('Ctrl Pts',(-1.47276190843649,1.47276209927419,0.198437491815238));
#2441=CARTESIAN_POINT('Ctrl Pts',(-2.08279994410493,0.862724142653309,0.248046866815238));
#2442=CARTESIAN_POINT('Ctrl Pts',(-2.0828,1.34942627547543E-7,0.297656241815237));
#2443=CARTESIAN_POINT('Ctrl Pts',(-2.08280005589507,-0.862723872768054,
0.347265616815237));
#2444=CARTESIAN_POINT('Ctrl Pts',(-1.47276209927419,-1.47276190843649,0.396874991815238));
#2445=CARTESIAN_POINT('Ctrl Pts',(-0.862724142653312,-2.08279994410493,
0.446484366815238));
#2446=CARTESIAN_POINT('Ctrl Pts',(-1.34942629230379E-7,-2.0828,0.496093741815237));
#2447=CARTESIAN_POINT('Ctrl Pts',(0.862723872768053,-2.08280005589507,0.545703116815238));
#2448=CARTESIAN_POINT('Ctrl Pts',(1.47276190843649,-1.47276209927419,0.595312491815238));
#2449=CARTESIAN_POINT('Ctrl Pts',(2.08279994410493,-0.862724142653313,0.644921866815237));
#2450=CARTESIAN_POINT('Ctrl Pts',(2.0828,-1.34942630403076E-7,0.694531241815237));
#2451=CARTESIAN_POINT('Ctrl Pts',(2.08280005589507,0.862723872768051,0.744140616815238));
#2452=CARTESIAN_POINT('Ctrl Pts',(1.47276209927419,1.47276190843649,0.793749991815237));
#2453=CARTESIAN_POINT('Ctrl Pts',(0.86272414265331,2.08279994410493,0.843359366815237));
#2454=CARTESIAN_POINT('Ctrl Pts',(1.3494262897531E-7,2.0828,0.892968741815238));
#2455=CARTESIAN_POINT('Ctrl Pts',(-0.862723872768053,2.08280005589506,0.942578116815238));
#2456=CARTESIAN_POINT('Ctrl Pts',(-1.47276190843649,1.47276209927419,0.992187491815237));
#2457=CARTESIAN_POINT('Ctrl Pts',(-2.08279994410493,0.862724142653309,1.04179686681524));
#2458=CARTESIAN_POINT('Ctrl Pts',(-2.0828,1.34942627547543E-7,1.09140624181524));
#2459=CARTESIAN_POINT('Ctrl Pts',(-2.08280005589507,-0.862723872768054,
1.14101561681524));
#2460=CARTESIAN_POINT('Ctrl Pts',(-1.47276209927419,-1.47276190843649,1.19062499181524));
#2461=CARTESIAN_POINT('Ctrl Pts',(-0.862724142653312,-2.08279994410493,
1.24023436681524));
#2462=CARTESIAN_POINT('Ctrl Pts',(-1.34942629230379E-7,-2.0828,1.28984374181524));
#2463=CARTESIAN_POINT('Ctrl Pts',(0.862723872768053,-2.08280005589507,1.33945311681524));
#2464=CARTESIAN_POINT('Ctrl Pts',(1.47276190843649,-1.47276209927419,1.38906249181524));
#2465=CARTESIAN_POINT('Ctrl Pts',(2.08279994410493,-0.862724142653313,1.43867186681524));
#2466=CARTESIAN_POINT('Ctrl Pts',(2.0828,-1.34942630403076E-7,1.48828124181524));
#2467=CARTESIAN_POINT('Ctrl Pts',(2.08280005589507,0.862723872768051,1.53789061681524));
#2468=CARTESIAN_POINT('Ctrl Pts',(1.47276209927419,1.47276190843649,1.58749999181524));
#2469=CARTESIAN_POINT('Ctrl Pts',(0.86272414265331,2.08279994410493,1.63710936681524));
#2470=CARTESIAN_POINT('Ctrl Pts',(1.3494262897531E-7,2.0828,1.68671874181524));
#2471=CARTESIAN_POINT('Ctrl Pts',(-0.862723872768053,2.08280005589506,1.73632811681524));
#2472=CARTESIAN_POINT('Ctrl Pts',(-1.47276190843649,1.47276209927419,1.78593749181524));
#2473=CARTESIAN_POINT('Ctrl Pts',(-2.08279994410493,0.862724142653309,1.83554686681524));
#2474=CARTESIAN_POINT('Ctrl Pts',(-2.0828,1.34942627547543E-7,1.88515624181524));
#2475=CARTESIAN_POINT('Ctrl Pts',(-2.08280005589507,-0.862723872768054,
1.93476561681524));
#2476=CARTESIAN_POINT('Ctrl Pts',(-1.47276209927419,-1.47276190843649,1.98437499181524));
#2477=CARTESIAN_POINT('Ctrl Pts',(-0.862724142653312,-2.08279994410493,
2.03398436681524));
#2478=CARTESIAN_POINT('Ctrl Pts',(-1.34942629230379E-7,-2.0828,2.08359374181524));
#2479=CARTESIAN_POINT('Ctrl Pts',(0.862723872768053,-2.08280005589507,2.13320311681524));
#2480=CARTESIAN_POINT('Ctrl Pts',(1.47276190843649,-1.47276209927419,2.18281249181524));
#2481=CARTESIAN_POINT('Ctrl Pts',(2.08279994410493,-0.862724142653313,2.23242186681524));
#2482=CARTESIAN_POINT('Ctrl Pts',(2.0828,-1.34942630403076E-7,2.28203124181524));
#2483=CARTESIAN_POINT('Ctrl Pts',(2.08280005589507,0.862723872768051,2.33164061681524));
#2484=CARTESIAN_POINT('Ctrl Pts',(1.47276209927419,1.47276190843649,2.38124999181524));
#2485=CARTESIAN_POINT('Ctrl Pts',(0.86272414265331,2.08279994410493,2.43085936681524));
#2486=CARTESIAN_POINT('Ctrl Pts',(1.3494262897531E-7,2.0828,2.48046874181524));
#2487=CARTESIAN_POINT('Ctrl Pts',(-0.862723872768053,2.08280005589506,2.53007811681524));
#2488=CARTESIAN_POINT('Ctrl Pts',(-1.47276190843649,1.47276209927419,2.57968749181524));
#2489=CARTESIAN_POINT('Ctrl Pts',(-2.08279994410493,0.862724142653309,2.62929686681524));
#2490=CARTESIAN_POINT('Ctrl Pts',(-2.0828,1.34942627547543E-7,2.67890624181524));
#2491=CARTESIAN_POINT('Ctrl Pts',(-2.08280005589507,-0.862723872768054,
2.72851561681524));
#2492=CARTESIAN_POINT('Ctrl Pts',(-1.47276209927419,-1.47276190843649,2.77812499181524));
#2493=CARTESIAN_POINT('Ctrl Pts',(-0.862724142653312,-2.08279994410493,
2.82773436681524));
#2494=CARTESIAN_POINT('Ctrl Pts',(-1.34942629230379E-7,-2.0828,2.87734374181524));
#2495=CARTESIAN_POINT('Ctrl Pts',(0.862723872768053,-2.08280005589507,2.92695311681524));
#2496=CARTESIAN_POINT('Ctrl Pts',(1.47276190843649,-1.47276209927419,2.97656249181524));
#2497=CARTESIAN_POINT('Ctrl Pts',(2.08279994410493,-0.862724142653313,3.02617186681524));
#2498=CARTESIAN_POINT('Ctrl Pts',(2.0828,-1.34942630403076E-7,3.07578124181524));
#2499=CARTESIAN_POINT('Origin',(0.,3.29253733067297E-15,3.175));
#2500=CARTESIAN_POINT('Ctrl Pts',(-4.75024513030562E-14,1.14567944042314,
3.17499999999997));
#2501=CARTESIAN_POINT('Ctrl Pts',(-0.49609375,0.859259580317378,2.88858013989423));
#2502=CARTESIAN_POINT('Ctrl Pts',(-0.992187499999953,0.572839720211615,
3.17499999999997));
#2503=CARTESIAN_POINT('Origin',(0.,3.29253733067297E-15,3.175));
#2504=CARTESIAN_POINT('Ctrl Pts',(-0.992187500000001,0.572839720211523,
3.17499999999996));
#2505=CARTESIAN_POINT('Ctrl Pts',(-0.9921875,8.32667268468867E-17,2.88858013989423));
#2506=CARTESIAN_POINT('Ctrl Pts',(-0.9921875,-0.572839720211525,3.17499999999997));
#2507=CARTESIAN_POINT('Origin',(0.,3.29253733067297E-15,3.175));
#2508=CARTESIAN_POINT('Ctrl Pts',(-0.992187499999946,-0.572839720211609,
3.17499999999996));
#2509=CARTESIAN_POINT('Ctrl Pts',(-0.496093749999996,-0.859259580317371,
2.88858013989423));
#2510=CARTESIAN_POINT('Ctrl Pts',(-4.38716906939055E-14,-1.14567944042313,
3.17499999999997));
#2511=CARTESIAN_POINT('Origin',(0.,3.29253733067297E-15,3.175));
#2512=CARTESIAN_POINT('Ctrl Pts',(5.64658915568971E-14,-1.14567944042313,
3.17499999999996));
#2513=CARTESIAN_POINT('Ctrl Pts',(0.496093750000001,-0.859259580317368,
2.88858013989423));
#2514=CARTESIAN_POINT('Ctrl Pts',(0.992187499999947,-0.572839720211608,
3.17499999999996));
#2515=CARTESIAN_POINT('Origin',(0.,3.29253733067297E-15,3.175));
#2516=CARTESIAN_POINT('Ctrl Pts',(0.992187499999944,0.572839720211619,3.17499999999996));
#2517=CARTESIAN_POINT('Ctrl Pts',(0.49609375,0.859259580317378,2.88858013989423));
#2518=CARTESIAN_POINT('Ctrl Pts',(5.54069197125615E-14,1.14567944042314,
3.17499999999997));
#2519=CARTESIAN_POINT('Origin',(0.9921875,0.572839720211587,1.934765625));
#2520=CARTESIAN_POINT('',(-0.9921875,-0.572839720211577,1.934765625));
#2521=CARTESIAN_POINT('',(-0.9921875,-0.572839720211577,1.934765625));
#2522=CARTESIAN_POINT('',(-0.9921875,0.572839720211587,1.934765625));
#2523=CARTESIAN_POINT('Origin',(9.6679437938076E-17,1.14567944042317,1.934765625));
#2524=CARTESIAN_POINT('',(9.6679437938076E-17,1.14567944042317,1.934765625));
#2525=CARTESIAN_POINT('',(-0.9921875,0.572839720211587,1.934765625));
#2526=CARTESIAN_POINT('Origin',(-0.9921875,0.572839720211587,1.934765625));
#2527=CARTESIAN_POINT('',(-0.9921875,-0.572839720211577,1.934765625));
#2528=CARTESIAN_POINT('Origin',(-0.9921875,-0.572839720211577,1.934765625));
#2529=CARTESIAN_POINT('',(-1.7458251427972E-16,-1.14567944042316,1.934765625));
#2530=CARTESIAN_POINT('Origin',(-1.7458251427972E-16,-1.14567944042316,
1.934765625));
#2531=CARTESIAN_POINT('',(0.9921875,-0.572839720211578,1.934765625));
#2532=CARTESIAN_POINT('Origin',(0.9921875,-0.572839720211578,1.934765625));
#2533=CARTESIAN_POINT('',(0.9921875,0.572839720211587,1.934765625));
#2534=CARTESIAN_POINT('Origin',(0.9921875,0.572839720211587,1.934765625));
#2535=UNCERTAINTY_MEASURE_WITH_UNIT(LENGTH_MEASURE(0.01),#2539,
'DISTANCE_ACCURACY_VALUE',
'Maximum model space distance between geometric entities at asserted c
onnectivities');
#2536=UNCERTAINTY_MEASURE_WITH_UNIT(LENGTH_MEASURE(0.01),#2539,
'DISTANCE_ACCURACY_VALUE',
'Maximum model space distance between geometric entities at asserted c
onnectivities');
#2537=(
GEOMETRIC_REPRESENTATION_CONTEXT(3)
GLOBAL_UNCERTAINTY_ASSIGNED_CONTEXT((#2535))
GLOBAL_UNIT_ASSIGNED_CONTEXT((#2539,#2541,#2542))
REPRESENTATION_CONTEXT('','3D')
);
#2538=(
GEOMETRIC_REPRESENTATION_CONTEXT(3)
GLOBAL_UNCERTAINTY_ASSIGNED_CONTEXT((#2536))
GLOBAL_UNIT_ASSIGNED_CONTEXT((#2539,#2541,#2542))
REPRESENTATION_CONTEXT('','3D')
);
#2539=(
LENGTH_UNIT()
NAMED_UNIT(*)
SI_UNIT(.MILLI.,.METRE.)
);
#2540=(
LENGTH_UNIT()
NAMED_UNIT(*)
SI_UNIT($,.METRE.)
);
#2541=(
NAMED_UNIT(*)
PLANE_ANGLE_UNIT()
SI_UNIT($,.RADIAN.)
);
#2542=(
NAMED_UNIT(*)
SI_UNIT($,.STERADIAN.)
SOLID_ANGLE_UNIT()
);
#2543=SHAPE_DEFINITION_REPRESENTATION(#2544,#2545);
#2544=PRODUCT_DEFINITION_SHAPE('',$,#2547);
#2545=SHAPE_REPRESENTATION('',(#704),#2537);
#2546=PRODUCT_DEFINITION_CONTEXT('part definition',#2551,'design');
#2547=PRODUCT_DEFINITION(
'94355A190_18-8 Stainless Steel Flat-Tip Set Screws',
'94355A190_18-8 Stainless Steel Flat-Tip Set Screws v1',#2548,#2546);
#2548=PRODUCT_DEFINITION_FORMATION('',$,#2553);
#2549=PRODUCT_RELATED_PRODUCT_CATEGORY(
'94355A190_18-8 Stainless Steel Flat-Tip Set Screws v1',
'94355A190_18-8 Stainless Steel Flat-Tip Set Screws v1',(#2553));
#2550=APPLICATION_PROTOCOL_DEFINITION('international standard',
'automotive_design',2009,#2551);
#2551=APPLICATION_CONTEXT(
'Core Data for Automotive Mechanical Design Process');
#2552=PRODUCT_CONTEXT('part definition',#2551,'mechanical');
#2553=PRODUCT('94355A190_18-8 Stainless Steel Flat-Tip Set Screws',
'94355A190_18-8 Stainless Steel Flat-Tip Set Screws v1','STEP AP203',(#2552));
#2554=PRESENTATION_STYLE_ASSIGNMENT((#2555));
#2555=SURFACE_STYLE_USAGE(.BOTH.,#2556);
#2556=SURFACE_SIDE_STYLE('',(#2557));
#2557=SURFACE_STYLE_FILL_AREA(#2558);
#2558=FILL_AREA_STYLE('Steel - Satin',(#2559));
#2559=FILL_AREA_STYLE_COLOUR('Steel - Satin',#2560);
#2560=COLOUR_RGB('Steel - Satin',0.627450980392157,0.627450980392157,0.627450980392157);
ENDSEC;
END-ISO-10303-21;
